,ChampionName,ChampionLevel,Lane,Kills,Deaths,Assists,Gold_Earned,Total_Minions_Killed,Total_damages_to_champs,Win/Lose,TeamBaronKills,FirstBloodAssist,FirstBloodKill,FirstTowerAssist,FirstTowerKill,InhibitorKills,InhibitorTakedowns,InhibitorsLost,TurretPlatesTaken,TotalDamageDealtToChampions_Percentage,rank
0,Akali,18,BOTTOM,24,14,26,20214,35,49473,True,0,False,False,False,False,0,1,1,0,28.86,Platinum
1,Draven,15,MIDDLE,16,11,7,18115,207,25894,False,0,True,False,True,False,0,0,3,6,38.05,Platinum
2,Samira,11,BOTTOM,10,8,3,12402,152,20808,False,0,False,False,False,False,0,0,1,2,37.86,Platinum
3,Ezreal,12,BOTTOM,17,2,3,12657,143,19685,True,0,False,False,False,False,0,1,0,3,33.74,Platinum
4,Evelynn,10,NONE,6,0,4,6663,8,4553,True,0,False,False,False,True,0,0,0,2,13.41,Platinum
5,Kalista,18,TOP,9,11,24,17601,95,32527,False,0,False,True,True,False,0,2,1,0,18.03,Platinum
6,Nidalee,18,JUNGLE,26,5,21,19875,37,54603,True,0,True,False,False,False,1,2,0,0,36.49,Platinum
7,LeeSin,18,TOP,26,14,29,22625,47,46527,True,0,True,False,False,False,0,2,1,0,26.37,Platinum
8,Zoe,14,NONE,8,7,7,10603,30,19580,False,0,False,False,False,False,0,0,1,0,39.35,Platinum
9,Xerath,14,BOTTOM,10,3,7,12605,77,32501,False,1,False,False,False,False,0,0,3,0,35.67,Platinum
10,Diana,15,JUNGLE,15,0,4,13225,36,13725,True,1,False,False,False,False,0,1,0,0,24.04,Platinum
11,Jinx,18,TOP,11,10,24,16055,101,40120,True,0,False,False,False,False,2,2,1,0,31.12,Platinum
12,Illaoi,15,NONE,5,11,11,9985,23,16654,False,0,False,False,False,False,0,0,1,0,22.06,Platinum
13,Viego,17,NONE,7,12,14,12904,52,20212,False,0,False,False,False,False,0,0,2,0,21.78,Platinum
14,Maokai,18,TOP,8,9,23,14755,46,35759,True,0,True,False,False,False,0,2,0,0,24.55,Platinum
15,Xerath,13,MIDDLE,4,4,6,9109,143,17449,False,0,False,False,False,False,0,0,1,0,24.4,Platinum
16,Yasuo,18,TOP,12,9,13,17992,234,26318,True,2,False,True,False,False,0,1,1,0,21.01,Platinum
17,Jhin,14,BOTTOM,2,6,5,11548,235,18489,False,0,True,False,False,False,0,0,2,1,20.21,Platinum
18,Teemo,6,NONE,1,1,0,2708,0,962,False,0,False,True,False,False,0,0,0,0,79.05,Platinum
19,Kennen,18,MIDDLE,7,6,3,15853,274,32693,False,0,False,False,False,False,0,0,6,0,26.29,Platinum
20,Ahri,18,MIDDLE,9,8,5,15451,228,22385,False,2,False,False,False,False,0,0,2,5,18.36,Platinum
21,Leblanc,17,TOP,9,3,4,14990,222,24152,False,0,False,False,False,False,0,0,2,0,23.77,Platinum
22,Akshan,17,MIDDLE,8,6,6,15965,238,27325,False,0,False,False,False,False,0,0,2,4,28.5,Platinum
23,Lissandra,18,MIDDLE,14,1,6,16109,254,28840,True,1,False,False,False,False,1,1,0,2,30.5,Platinum
24,Illaoi,18,TOP,5,6,1,15382,319,37491,False,0,False,False,False,False,1,1,1,3,27.78,Platinum
25,Vayne,18,JUNGLE,10,10,13,15869,95,41873,True,1,False,False,False,False,0,1,3,0,25.14,Platinum
26,Lillia,18,JUNGLE,11,5,15,18122,107,38938,True,0,True,False,False,True,0,0,3,2,25.94,Platinum
27,Xerath,14,BOTTOM,4,4,16,10908,46,21577,True,0,False,False,True,False,0,0,0,5,22.82,Platinum
28,Quinn,18,MIDDLE,3,0,8,12669,264,15989,True,1,False,False,False,False,1,2,0,0,18.22,Platinum
29,JarvanIV,16,JUNGLE,5,5,15,12163,21,14033,True,2,False,False,False,False,0,1,1,0,12.15,Platinum
30,Zed,16,JUNGLE,6,1,4,12188,69,9430,True,1,False,True,False,False,0,0,0,0,11.93,Platinum
31,Ahri,17,MIDDLE,12,3,11,15531,210,37096,True,0,False,False,False,False,0,0,0,1,35.8,Platinum
32,Udyr,11,JUNGLE,1,5,5,6384,19,2431,False,0,False,False,False,False,0,0,1,0,4.84,Platinum
33,Senna,14,BOTTOM,6,4,10,9660,29,12029,False,0,False,False,True,False,0,0,2,2,14.06,Platinum
34,Fiora,18,MIDDLE,9,4,8,18317,247,32801,True,1,False,False,False,False,0,0,1,0,23.65,Platinum
35,Ryze,16,MIDDLE,3,3,3,11849,262,10600,False,0,False,False,True,False,0,0,2,3,20.61,Platinum
36,Leblanc,15,MIDDLE,6,1,4,10146,163,15453,True,0,False,False,False,False,0,0,0,1,27.98,Platinum
37,Kassadin,15,MIDDLE,6,3,5,12063,187,9351,True,1,True,False,False,False,0,1,0,2,10.02,Platinum
38,Vi,14,JUNGLE,1,5,5,9991,26,7055,False,0,False,False,False,False,0,0,1,3,9.51,Platinum
39,LeeSin,18,JUNGLE,8,6,13,15029,50,17914,False,1,False,False,False,False,0,2,2,0,11.63,Platinum
40,Malzahar,18,MIDDLE,3,4,12,14237,284,23746,False,0,False,False,False,False,1,1,2,1,21.75,Platinum
41,Corki,18,MIDDLE,12,4,7,22220,335,50017,True,0,False,False,False,False,0,0,5,0,34.54,Platinum
42,Diana,17,MIDDLE,12,6,16,14957,203,36075,True,1,False,False,False,False,0,1,0,1,32.51,Platinum
43,Ahri,16,MIDDLE,12,0,5,13411,203,20829,True,1,True,False,True,False,0,1,0,5,28.03,Platinum
44,Viktor,16,MIDDLE,16,2,6,16729,210,41121,True,1,True,False,False,False,0,1,0,5,45.51,Platinum
45,Orianna,18,MIDDLE,12,2,14,15146,226,23701,True,1,False,False,False,False,0,1,0,0,21.24,Platinum
46,Kennen,16,TOP,7,8,3,13196,201,20385,False,0,False,False,False,False,0,0,1,5,22.89,Platinum
47,Nocturne,14,JUNGLE,10,3,2,11401,9,6457,True,1,False,False,False,False,0,1,0,0,9.84,Platinum
48,Leblanc,15,MIDDLE,14,8,8,14595,133,27844,False,1,False,True,False,False,0,0,2,0,24.56,Platinum
49,Kindred,15,JUNGLE,6,2,6,11740,43,12596,False,0,False,True,False,False,0,0,2,4,18.95,Platinum
50,Twitch,14,BOTTOM,4,7,9,10487,168,18860,False,0,True,False,False,False,0,0,1,0,26.78,Platinum
51,Jinx,15,BOTTOM,11,8,4,16701,218,25912,False,0,False,True,False,False,0,0,1,2,24.06,Platinum
52,Amumu,17,MIDDLE,2,14,28,11473,14,10779,True,0,False,False,False,False,1,1,0,0,8.74,Platinum
53,Qiyana,14,NONE,14,12,8,11832,24,23100,False,0,False,False,False,False,0,0,1,0,34.48,Platinum
54,Rakan,15,NONE,6,11,19,10642,12,11063,False,0,True,False,False,False,0,0,2,0,13.21,Platinum
55,Samira,18,TOP,38,13,17,24260,138,73697,True,0,False,True,False,False,1,1,1,0,49.23,Platinum
56,Syndra,17,TOP,11,7,13,13913,61,28973,False,0,False,False,False,False,0,1,2,0,27.44,Platinum
57,Zed,18,TOP,15,11,16,16415,68,32068,False,0,False,False,False,False,0,1,1,0,23.82,Platinum
58,Qiyana,18,BOTTOM,17,10,32,22095,95,50217,True,0,True,False,False,False,1,2,0,0,28.64,Platinum
59,Akshan,16,NONE,17,7,8,15310,92,27056,True,0,False,False,False,False,1,1,0,0,29.09,Platinum
60,Yasuo,14,NONE,11,11,12,10399,44,22145,False,0,False,False,False,False,0,0,1,0,25.95,Platinum
61,Kayle,17,NONE,6,7,27,13682,112,24066,False,0,True,False,False,False,0,0,2,0,23.45,Platinum
62,Leona,18,TOP,7,16,39,13117,36,21312,False,0,True,False,False,False,0,0,3,0,16.39,Platinum
63,Renata,17,NONE,4,5,29,11115,18,6956,False,0,True,False,False,False,0,0,1,0,7.01,Platinum
64,Samira,12,NONE,4,10,13,7826,30,12200,False,0,True,False,False,False,0,0,1,0,21.47,Platinum
65,Illaoi,18,NONE,11,11,15,13602,73,29921,False,0,False,False,False,False,1,1,2,0,20.08,Platinum
66,Zeri,15,NONE,14,8,18,13419,89,27015,True,0,False,False,False,True,1,1,0,0,32.57,Platinum
67,Varus,15,NONE,12,9,6,13305,59,20422,False,0,False,False,False,False,0,0,2,0,24.4,Platinum
68,Quinn,18,NONE,22,8,22,17859,77,42396,True,0,False,False,False,False,1,1,0,0,27.0,Platinum
69,KogMaw,18,TOP,22,12,29,23872,100,65952,True,0,False,False,True,False,1,2,3,0,28.48,Platinum
70,Alistar,16,NONE,3,16,26,10669,12,15058,False,0,False,False,False,False,0,0,1,0,11.01,Platinum
71,Fizz,15,NONE,12,14,10,10235,17,20534,False,0,False,False,False,False,0,0,2,0,18.33,Platinum
72,Azir,18,MIDDLE,8,10,19,13836,57,20679,True,0,False,False,False,False,0,1,2,0,16.52,Platinum
73,Rell,14,NONE,1,10,19,8283,13,7247,False,0,False,False,False,False,0,0,2,0,10.0,Platinum
74,Jinx,13,NONE,7,8,12,10152,62,11294,False,0,False,False,False,False,0,0,1,0,21.14,Platinum
75,Malphite,18,MIDDLE,9,15,23,13802,18,29159,True,0,False,False,False,False,0,1,1,0,16.24,Platinum
76,Caitlyn,15,NONE,17,7,8,12505,65,26428,False,0,False,True,False,False,0,0,1,0,35.89,Platinum
77,Kennen,18,JUNGLE,21,13,31,19265,70,54228,True,0,False,False,False,False,1,1,1,0,29.97,Platinum
78,Katarina,17,NONE,26,12,13,16615,55,43881,False,0,False,True,False,False,1,1,1,0,32.14,Platinum
79,Ziggs,18,TOP,8,9,32,17862,125,41507,False,0,False,True,False,False,0,0,2,0,28.8,Platinum
80,Thresh,13,NONE,4,8,15,8418,12,5989,False,0,True,False,False,False,0,0,1,0,11.26,Platinum
81,Viego,18,TOP,27,9,19,22662,104,56781,True,0,False,False,False,False,2,2,1,0,31.41,Platinum
82,Leblanc,16,MIDDLE,12,3,8,14622,198,35253,True,0,False,False,False,False,2,2,0,3,32.05,Platinum
83,Camille,15,TOP,5,6,2,10577,190,14496,False,0,False,False,False,False,0,0,1,0,28.19,Platinum
84,Azir,17,MIDDLE,12,3,7,15478,214,22014,True,2,False,False,False,False,0,0,0,1,23.44,Platinum
85,Sett,13,TOP,1,5,3,6813,129,7644,False,0,False,False,False,False,0,0,1,0,15.58,Platinum
86,Lucian,15,MIDDLE,12,1,7,14269,219,20548,True,0,False,False,True,False,1,1,0,5,24.94,Platinum
87,Zeri,17,BOTTOM,14,1,15,18432,248,30379,True,1,False,False,False,False,1,1,0,0,29.83,Platinum
88,Fiora,14,TOP,4,3,5,9289,130,9632,True,0,False,False,False,False,0,1,0,3,13.7,Platinum
89,Illaoi,18,TOP,5,9,0,18122,337,31715,False,0,False,False,False,True,4,4,1,5,27.8,Platinum
90,Alistar,12,BOTTOM,2,6,23,7851,27,9187,True,0,False,False,False,False,0,1,0,1,10.91,Platinum
91,Jhin,14,BOTTOM,6,6,8,10987,182,14046,True,0,False,False,False,False,0,2,0,0,13.36,Platinum
92,Pantheon,15,BOTTOM,13,8,14,11667,38,19765,True,1,True,False,False,False,0,1,0,1,14.66,Platinum
93,Lissandra,17,MIDDLE,7,5,8,13088,200,24661,False,1,False,False,False,False,0,0,2,3,21.64,Platinum
94,Caitlyn,17,BOTTOM,11,11,7,19439,224,27362,False,3,False,False,False,True,0,0,2,2,22.59,Platinum
95,Viktor,16,MIDDLE,6,2,11,14259,231,29129,True,0,True,False,False,False,0,1,0,3,31.88,Platinum
96,Kaisa,16,BOTTOM,8,7,8,14027,227,23198,False,0,False,True,False,False,0,0,2,0,22.8,Platinum
97,Lissandra,16,MIDDLE,7,5,18,11450,162,22028,True,0,False,True,False,False,0,1,0,2,23.94,Platinum
98,Karma,14,JUNGLE,4,1,22,9207,36,9508,True,1,False,True,False,False,0,0,0,0,9.86,Platinum
99,Lux,18,MIDDLE,11,6,37,15508,77,32282,True,0,False,False,False,False,0,1,0,0,19.62,Platinum
0,Gnar,14,MIDDLE,2,9,5,9118,164,12619,False,0,False,False,False,False,0,0,3,2,18.54,Gold
1,LeeSin,13,TOP,0,5,5,6964,130,6190,False,0,False,False,False,False,0,0,1,0,11.26,Gold
2,Gnar,13,TOP,1,4,2,7115,137,12603,True,0,False,False,False,False,0,0,0,0,21.6,Gold
3,Gnar,11,NONE,3,0,7,7289,88,7888,True,0,False,False,False,False,0,0,0,5,23.24,Gold
4,Gnar,18,TOP,10,7,10,18992,244,41114,False,1,False,True,False,True,1,1,2,4,34.79,Gold
5,Sett,14,TOP,5,7,9,12269,132,15749,True,1,False,False,False,False,0,2,0,5,19.07,Gold
6,Chogath,17,TOP,9,10,8,15304,186,31230,False,0,False,False,False,False,0,0,4,0,30.54,Gold
7,Jinx,17,BOTTOM,9,9,8,18049,260,32766,False,1,False,False,False,False,0,0,1,3,27.9,Gold
8,Ashe,16,BOTTOM,5,8,11,11941,206,22582,False,1,False,False,False,False,0,0,3,0,24.78,Gold
9,Jinx,13,BOTTOM,11,4,10,12665,176,21501,True,1,True,False,False,True,1,1,0,5,37.66,Gold
10,Tristana,12,NONE,13,2,7,10793,99,26252,True,0,False,False,False,True,0,1,0,8,31.69,Gold
11,Lulu,10,BOTTOM,2,11,9,5938,31,5143,False,0,False,False,False,False,0,0,1,0,7.19,Gold
12,Soraka,15,BOTTOM,4,6,26,11742,34,10490,True,2,False,False,True,False,0,2,1,3,8.37,Gold
13,Nautilus,12,BOTTOM,2,10,4,7212,37,7767,False,0,True,False,False,False,0,0,2,0,8.49,Gold
14,Ashe,18,BOTTOM,16,8,9,19804,286,46506,False,0,False,False,False,False,0,0,6,2,37.4,Gold
15,Xayah,18,BOTTOM,15,10,10,21584,285,41334,False,2,False,False,False,False,0,0,2,1,33.9,Gold
16,LeeSin,16,JUNGLE,3,5,7,12412,51,16356,False,0,False,False,True,False,0,0,2,1,16.09,Gold
17,Veigar,18,MIDDLE,12,9,14,17587,222,41848,False,1,True,False,False,False,1,3,1,0,28.47,Gold
18,LeeSin,15,JUNGLE,5,9,8,11821,28,16367,False,0,False,False,False,False,0,0,2,1,17.07,Gold
19,LeeSin,16,JUNGLE,7,6,12,12535,29,17232,True,1,True,False,False,False,0,1,0,0,18.22,Gold
20,Tristana,16,BOTTOM,7,14,4,13954,202,22332,False,0,False,False,False,False,0,0,1,3,16.55,Gold
21,Tristana,18,BOTTOM,20,6,11,22575,267,69292,True,1,False,False,False,False,0,1,3,3,41.61,Gold
22,Tristana,18,JUNGLE,22,6,8,22030,255,51392,True,0,True,False,True,False,0,1,3,4,34.24,Gold
23,Tristana,16,BOTTOM,20,3,9,17450,185,37319,True,0,False,False,True,False,2,2,0,5,39.47,Gold
24,Tristana,16,BOTTOM,12,1,9,15166,223,35035,True,1,False,False,True,False,1,1,0,3,39.92,Gold
25,Tristana,17,BOTTOM,15,2,8,18010,224,44128,True,2,False,True,False,False,0,1,1,4,38.2,Gold
26,Vayne,15,BOTTOM,13,1,5,15500,197,22596,True,1,False,False,False,False,1,2,0,4,28.59,Gold
27,Yasuo,16,BOTTOM,9,7,9,15360,239,21024,True,0,False,False,False,False,1,1,0,5,20.29,Gold
28,Ezreal,11,BOTTOM,3,10,3,7887,128,16768,False,0,False,False,False,False,0,0,1,1,33.4,Gold
29,Kaisa,15,BOTTOM,3,7,9,11877,231,18385,False,0,False,False,False,False,0,0,2,2,21.49,Gold
30,Jinx,18,BOTTOM,17,6,12,21239,303,54498,True,1,False,False,False,True,2,4,1,3,39.29,Gold
31,Vayne,13,BOTTOM,5,7,4,12045,227,12382,False,0,False,True,False,False,0,0,2,0,24.08,Gold
32,Lucian,13,BOTTOM,7,2,3,11622,199,15373,True,0,False,False,True,False,0,0,0,6,27.83,Gold
33,Jinx,15,BOTTOM,21,6,12,17580,235,43403,True,1,True,False,False,True,0,1,0,4,46.49,Gold
34,Vayne,15,BOTTOM,5,6,3,13418,258,20361,False,0,False,False,False,False,0,0,1,4,27.46,Gold
35,Viktor,17,MIDDLE,10,11,17,15345,201,62550,False,1,False,False,False,False,0,1,2,3,40.6,Gold
36,Jinx,16,BOTTOM,12,5,12,16218,238,36995,False,0,False,False,True,False,0,1,2,1,33.88,Gold
37,Jinx,18,BOTTOM,11,6,10,17774,304,44657,True,0,False,False,False,False,1,1,5,0,30.83,Gold
38,Jhin,16,BOTTOM,7,3,16,13187,214,25630,True,1,False,False,False,False,0,2,0,0,23.1,Gold
39,Ezreal,15,BOTTOM,9,3,6,13556,219,23684,True,1,False,True,False,False,1,1,0,1,31.88,Gold
40,Kaisa,15,BOTTOM,10,4,6,13322,204,19476,True,1,False,True,False,False,1,1,0,1,21.56,Gold
41,Trundle,17,JUNGLE,12,3,13,14643,42,28943,True,1,False,False,False,False,0,0,0,0,25.93,Gold
42,LeeSin,15,JUNGLE,2,6,15,11222,30,13376,False,0,False,False,True,False,0,0,1,4,15.02,Gold
43,Viktor,16,MIDDLE,7,5,8,13215,202,20721,True,1,False,False,False,False,0,0,0,3,31.57,Gold
44,Ezreal,15,BOTTOM,6,9,12,14693,210,36559,False,1,True,False,False,True,0,0,2,4,32.24,Gold
45,Kennen,14,TOP,5,8,4,10495,157,14418,False,0,True,False,False,False,0,0,2,3,21.7,Gold
46,LeeSin,13,JUNGLE,3,11,6,8948,26,11805,False,0,False,False,False,False,0,0,1,0,16.76,Gold
47,LeeSin,15,JUNGLE,0,11,13,10755,49,13442,False,0,True,False,False,False,0,0,1,0,12.48,Gold
48,Ezreal,13,BOTTOM,6,1,1,11514,214,18753,True,1,False,True,False,False,1,1,0,0,41.83,Gold
49,Jinx,14,BOTTOM,3,9,3,11792,223,13375,False,0,False,False,False,True,0,0,2,5,15.36,Gold
50,LeeSin,12,JUNGLE,6,6,2,9219,51,7354,False,0,False,True,False,False,0,0,3,0,10.92,Gold
51,LeeSin,11,JUNGLE,3,10,2,7058,19,9546,False,0,False,False,False,False,0,0,2,0,19.08,Gold
52,LeeSin,13,JUNGLE,7,2,8,9866,22,8631,True,0,False,False,False,True,0,1,0,0,10.56,Gold
53,LeeSin,8,NONE,2,3,0,4286,7,3606,False,0,False,False,False,False,0,0,0,0,22.18,Gold
54,LeeSin,17,JUNGLE,7,3,13,15112,67,19669,True,0,False,False,False,False,0,2,0,2,17.88,Gold
55,LeeSin,14,JUNGLE,4,7,5,10174,39,9188,False,0,False,False,False,False,0,0,1,2,17.87,Gold
56,LeeSin,17,JUNGLE,7,3,16,15728,45,21389,True,2,False,False,False,False,1,1,0,0,22.78,Gold
57,LeeSin,12,JUNGLE,5,7,2,8621,19,9929,False,0,False,False,False,False,0,0,1,0,20.23,Gold
58,LeeSin,14,JUNGLE,8,3,15,11502,26,15223,True,0,False,False,False,True,1,1,0,4,18.47,Gold
59,LeeSin,17,JUNGLE,14,8,19,16584,46,28837,True,1,False,False,False,False,0,0,0,0,28.32,Gold
60,LeeSin,14,JUNGLE,9,1,14,11086,28,11184,True,0,True,False,False,True,1,2,0,3,15.9,Gold
61,LeeSin,16,JUNGLE,8,11,10,13924,51,31966,False,0,False,False,False,False,0,0,1,2,28.02,Gold
0,Urgot,17,JUNGLE,18,5,8,20157,206,32626,True,2,False,False,False,True,2,2,0,8,30.15,Challenger
1,Renekton,18,TOP,5,9,12,17512,264,33194,True,1,False,False,False,True,0,0,0,5,20.85,Challenger
2,Jayce,15,MIDDLE,4,9,4,11475,191,19166,False,0,False,False,False,False,0,0,3,2,35.65,Challenger
3,Graves,17,MIDDLE,9,5,6,16002,227,28725,True,1,False,False,False,False,0,1,0,2,39.34,Challenger
4,Gangplank,17,TOP,4,6,5,14861,236,20854,True,1,False,False,False,False,0,0,0,4,27.93,Challenger
5,Gangplank,13,NONE,2,2,6,8255,126,10897,True,0,False,False,False,False,1,1,0,1,19.13,Challenger
6,Jayce,18,JUNGLE,8,6,9,19917,263,34611,True,2,False,False,False,False,0,1,1,6,26.18,Challenger
7,Jayce,14,MIDDLE,6,3,6,13119,179,24432,True,1,False,False,False,False,0,1,0,3,32.46,Challenger
8,Camille,15,TOP,14,1,6,13342,166,23191,True,0,False,False,False,True,0,0,0,5,37.42,Challenger
9,Galio,13,MIDDLE,6,7,7,9327,143,13903,False,0,False,False,False,False,0,0,2,0,30.62,Challenger
10,Jayce,11,NONE,1,6,0,6531,140,8820,False,0,False,False,False,False,0,0,1,1,29.81,Challenger
11,Jax,14,JUNGLE,6,6,2,9912,188,21307,False,0,False,False,False,False,0,0,1,1,31.02,Challenger
12,Jayce,12,NONE,4,3,1,7271,120,9216,True,0,False,False,False,False,0,0,0,4,28.07,Challenger
13,Camille,13,NONE,5,0,0,9285,170,10817,True,0,False,False,False,False,0,0,0,4,27.39,Challenger
14,Lucian,13,MIDDLE,3,7,1,8790,179,11947,False,0,False,False,False,False,0,0,1,3,18.74,Challenger
15,Ryze,18,TOP,10,6,12,16627,237,31099,True,1,False,False,False,False,0,1,1,2,27.01,Challenger
16,Jayce,15,TOP,10,4,11,13794,172,24315,True,1,True,False,False,False,0,1,0,4,30.0,Challenger
17,Aatrox,16,MIDDLE,6,7,2,12000,196,20185,False,0,False,False,False,False,0,0,2,0,28.81,Challenger
18,Gangplank,11,NONE,2,4,0,6688,119,11313,False,0,False,False,False,False,0,0,0,3,28.77,Challenger
19,Jayce,16,TOP,4,8,7,13332,250,25535,False,0,False,False,True,False,0,0,2,5,25.97,Challenger
20,Gangplank,17,TOP,4,8,7,14725,257,32661,False,0,False,False,False,False,0,0,1,2,31.45,Challenger
21,Gangplank,13,NONE,3,1,5,9383,165,14512,True,0,False,False,False,False,0,0,0,3,22.52,Challenger
22,Jayce,3,NONE,0,0,0,1043,18,755,False,0,False,False,False,False,0,0,0,0,46.26,Challenger
23,Jayce,18,TOP,6,10,6,15391,259,30789,False,1,False,False,False,False,0,0,2,3,31.72,Challenger
24,Rumble,14,TOP,5,7,7,9909,155,17416,False,0,False,False,False,False,0,0,1,2,22.64,Challenger
25,Kaisa,17,BOTTOM,17,2,6,17300,242,33304,True,1,True,False,False,False,1,2,0,3,31.75,Challenger
26,Jax,12,TOP,0,4,0,6607,152,10344,False,0,False,False,False,False,0,0,1,2,25.1,Challenger
27,Trundle,12,NONE,3,2,7,8909,138,9418,True,0,False,False,False,True,0,0,0,5,27.18,Challenger
28,Mordekaiser,16,TOP,6,5,4,12056,197,18979,False,0,False,False,False,False,0,0,1,2,25.86,Challenger
29,Lucian,14,BOTTOM,8,7,16,13250,180,21182,True,1,False,False,False,False,0,1,0,1,23.1,Challenger
30,Darius,12,NONE,2,1,1,7775,170,4565,True,0,False,False,False,False,0,1,0,1,9.54,Challenger
31,Gangplank,18,TOP,5,4,13,18369,287,26270,True,1,False,False,False,True,1,2,0,5,24.78,Challenger
32,Graves,16,JUNGLE,11,2,11,15875,214,35792,True,1,False,True,False,True,1,1,0,5,34.9,Challenger
33,Viego,13,JUNGLE,5,10,5,10205,6,16082,False,0,False,False,False,False,0,0,1,0,19.59,Challenger
34,Jayce,11,NONE,6,0,2,8151,138,10326,True,0,False,False,False,True,0,1,0,5,28.37,Challenger
35,Renekton,17,TOP,15,3,15,20550,238,39231,True,0,False,False,False,True,0,1,0,7,36.53,Challenger
36,Jayce,14,TOP,8,6,1,11985,179,16357,False,0,False,False,False,True,0,0,0,5,38.25,Challenger
37,Yorick,12,NONE,3,1,1,9071,144,6916,True,0,False,False,False,True,1,1,0,5,17.91,Challenger
38,Graves,12,NONE,3,4,2,6493,122,7220,True,0,False,False,False,False,0,0,0,1,22.37,Challenger
39,Jayce,17,TOP,12,7,10,14845,215,35204,True,0,True,False,False,False,0,1,0,2,38.43,Challenger
40,Kaisa,15,BOTTOM,5,5,4,11109,194,10340,True,1,False,False,False,False,0,1,0,1,12.8,Challenger
41,Graves,13,NONE,5,0,5,10835,180,10751,True,0,False,True,False,False,1,1,0,4,34.44,Challenger
42,Garen,16,MIDDLE,5,2,2,15563,244,10972,True,1,False,False,False,False,4,4,0,5,21.69,Challenger
43,Lucian,13,TOP,4,8,8,10277,187,15682,False,0,False,False,False,False,0,0,0,4,24.12,Challenger
44,Jax,16,TOP,9,4,3,12679,171,23226,True,1,False,False,False,False,1,1,0,3,34.51,Challenger
45,Graves,18,TOP,7,7,9,16916,265,35990,True,2,False,False,True,False,0,0,0,5,28.05,Challenger
46,Jax,17,TOP,14,2,10,17958,223,29688,True,1,False,False,True,False,1,1,0,10,36.43,Challenger
47,Zyra,11,BOTTOM,6,2,9,7920,27,17028,True,0,False,False,True,False,0,0,0,2,29.69,Challenger
48,Kaisa,14,MIDDLE,7,3,4,10653,162,14340,True,0,False,False,False,False,0,1,0,3,19.86,Challenger
49,Graves,12,NONE,5,4,5,8173,131,11508,True,0,False,True,False,False,0,0,0,4,27.4,Challenger
50,Lucian,18,MIDDLE,9,9,5,15975,239,30981,False,1,False,False,False,False,0,0,1,0,23.08,Challenger
51,Galio,14,MIDDLE,4,2,10,10435,169,9998,True,1,True,False,False,False,0,2,0,5,18.87,Challenger
52,Lucian,15,TOP,6,5,3,11314,187,19939,True,1,False,False,False,True,0,0,0,2,33.68,Challenger
53,Rengar,13,TOP,2,8,3,8352,141,7824,False,0,False,False,False,False,0,0,2,1,13.42,Challenger
54,Ryze,15,TOP,10,3,3,11919,177,18560,True,0,False,False,True,False,0,0,0,2,24.94,Challenger
55,Lucian,17,MIDDLE,13,8,5,15856,232,27719,True,1,True,False,False,False,0,1,0,1,29.69,Challenger
56,Gnar,13,TOP,10,13,1,10211,121,16964,False,0,False,False,False,False,0,0,0,0,27.87,Challenger
57,Jayce,18,TOP,7,7,4,16326,267,27988,False,0,False,False,False,False,0,0,2,3,38.8,Challenger
58,Jayce,12,NONE,7,0,1,8737,147,10898,True,0,False,True,False,False,0,0,0,4,32.19,Challenger
59,Jayce,15,TOP,6,6,7,13222,194,24246,True,1,False,False,False,False,1,1,0,3,33.42,Challenger
60,Graves,14,TOP,6,2,3,10802,196,13349,True,0,False,False,False,False,0,0,0,4,22.72,Challenger
61,Mordekaiser,13,TOP,5,4,2,9692,158,18219,False,0,False,False,False,True,0,0,0,5,34.07,Challenger
62,Graves,15,TOP,7,3,5,11308,186,17113,True,0,False,False,False,False,0,0,0,3,27.23,Challenger
63,Lucian,13,TOP,4,1,2,8633,158,13678,False,0,False,False,False,False,0,0,0,3,27.73,Challenger
64,Darius,15,MIDDLE,11,4,4,11993,164,25802,True,0,False,True,False,False,0,0,0,1,34.34,Challenger
65,Gangplank,15,TOP,2,4,4,11566,187,9502,True,1,False,False,False,False,0,1,0,4,18.29,Challenger
66,Kennen,16,TOP,4,6,6,12258,222,23237,False,0,True,False,False,False,0,0,0,2,33.09,Challenger
67,Tryndamere,18,MIDDLE,12,10,7,18889,289,32714,False,2,False,True,False,False,0,0,1,1,29.74,Challenger
68,Graves,18,TOP,3,12,5,13643,237,17852,True,2,False,False,False,False,0,0,0,0,17.56,Challenger
69,Trundle,13,NONE,5,0,1,9674,179,8088,True,0,False,False,False,False,1,1,0,2,21.32,Challenger
70,Graves,18,JUNGLE,9,8,13,18690,298,41319,False,1,False,False,False,False,0,0,2,4,36.81,Challenger
71,Hecarim,16,JUNGLE,7,3,7,14239,53,29722,False,0,False,False,False,False,0,0,1,0,38.01,Challenger
72,Urgot,11,NONE,4,1,4,6759,103,4180,True,0,False,False,False,False,0,0,0,3,12.22,Challenger
73,Gragas,15,TOP,3,3,7,9664,169,17191,True,1,False,False,False,False,0,0,0,1,26.52,Challenger
74,Trundle,15,TOP,2,4,6,9137,174,13377,True,1,False,False,False,False,0,0,0,0,22.86,Challenger
75,Jhin,10,NONE,4,6,3,7602,140,7877,False,0,False,False,False,False,0,0,1,2,19.53,Challenger
76,Gragas,13,TOP,2,5,1,7158,153,12486,False,0,False,False,False,False,0,0,2,0,35.52,Challenger
77,Gragas,13,TOP,1,11,11,8483,152,22218,False,0,False,False,False,False,0,0,2,1,24.24,Challenger
78,Jayce,14,MIDDLE,1,6,0,9059,198,12807,False,0,False,False,False,False,0,0,2,1,25.46,Challenger
79,LeeSin,16,JUNGLE,21,1,13,17055,71,36877,True,1,False,False,False,False,0,2,0,0,44.23,Challenger
80,Sett,16,TOP,10,8,4,15245,194,21945,True,1,False,False,False,True,1,1,0,5,22.52,Challenger
81,Gnar,16,TOP,4,4,3,11919,205,22223,True,1,False,False,False,False,0,0,0,3,26.34,Challenger
82,Gnar,14,TOP,3,2,4,11335,180,15536,True,0,False,False,False,False,0,0,0,6,22.71,Challenger
83,Volibear,16,TOP,5,1,5,13154,207,14524,True,1,False,False,False,False,1,1,0,3,24.98,Challenger
84,Renekton,16,TOP,8,6,4,15036,216,29453,True,0,False,False,False,False,1,2,0,7,36.58,Challenger
85,Yone,16,TOP,10,6,8,17040,230,24173,False,0,False,False,False,False,0,0,2,5,30.75,Challenger
86,Camille,16,NONE,7,6,8,11955,171,16746,True,2,False,False,False,False,0,3,0,0,18.34,Challenger
87,Shyvana,18,TOP,9,7,9,18606,269,39120,True,2,False,False,False,False,0,1,0,5,33.04,Challenger
88,Akali,12,TOP,2,9,3,7003,141,12553,False,0,False,False,False,False,0,0,0,1,32.21,Challenger
89,Camille,14,TOP,6,7,6,11738,172,17759,False,0,True,False,False,True,0,0,0,9,27.36,Challenger
90,Viktor,16,MIDDLE,6,4,8,12120,210,14794,True,1,False,False,False,False,1,2,0,2,16.3,Challenger
91,Viktor,18,MIDDLE,22,7,9,25234,368,66541,True,1,False,False,False,False,0,0,3,1,37.64,Challenger
92,Viego,12,NONE,8,0,4,8875,141,15306,True,0,True,False,False,True,0,0,0,4,38.59,Challenger
0,Jinx,14,BOTTOM,7,10,3,11686,124,17509,False,0,False,False,False,False,0,0,3,1,22.46,Iron
1,Samira,18,BOTTOM,26,7,10,27574,323,77636,False,1,False,True,False,False,0,0,4,0,47.93,Iron
2,Samira,15,BOTTOM,11,12,10,13538,144,23721,False,0,False,False,False,False,0,1,1,1,25.73,Iron
3,Samira,14,BOTTOM,10,7,1,13062,217,22912,False,0,False,True,False,False,1,1,1,1,26.88,Iron
4,Yuumi,8,BOTTOM,0,4,2,4350,2,2886,False,0,False,False,False,False,0,0,0,1,10.35,Iron
5,Samira,10,NONE,3,5,1,6718,98,6515,False,0,False,False,False,False,0,0,2,2,24.96,Iron
6,Samira,10,BOTTOM,2,1,0,7813,170,5396,False,0,False,False,False,False,0,0,0,0,12.15,Iron
7,Jinx,10,BOTTOM,3,6,3,6422,79,8663,False,0,False,False,False,False,0,0,3,0,20.63,Iron
8,Nidalee,10,JUNGLE,1,6,3,6054,4,5856,False,0,False,False,False,False,0,0,1,0,11.69,Iron
9,Nidalee,18,JUNGLE,11,10,12,15642,38,32587,False,1,False,False,False,False,0,0,6,0,24.68,Iron
10,Nidalee,18,JUNGLE,7,7,3,17162,44,17506,False,2,False,False,False,False,0,0,5,2,10.89,Iron
11,Jinx,7,NONE,0,2,1,3487,40,2350,False,0,False,False,False,False,0,0,0,1,13.25,Iron
12,Azir,11,NONE,2,1,1,5338,79,3372,True,0,False,False,False,False,0,0,0,1,7.03,Iron
13,Nami,10,BOTTOM,0,0,9,5945,10,4874,True,0,False,False,False,False,0,1,0,0,8.39,Iron
14,Soraka,14,BOTTOM,2,4,9,8042,29,5541,True,1,False,False,False,False,0,1,0,0,6.52,Iron
15,Jinx,14,BOTTOM,4,9,6,10535,112,12438,True,1,False,False,False,False,1,1,0,0,12.21,Iron
16,Soraka,16,BOTTOM,3,7,22,9446,29,8200,True,0,False,False,False,False,0,1,1,1,7.15,Iron
17,Yuumi,13,BOTTOM,1,0,20,6945,7,4050,True,0,False,False,False,False,0,0,0,1,5.46,Iron
18,Kayle,15,TOP,3,7,4,10493,90,5590,True,2,False,False,False,False,0,0,2,0,4.36,Iron
19,Hecarim,13,JUNGLE,1,3,3,8007,26,4561,False,0,False,False,False,False,0,0,3,0,5.2,Iron
20,Ahri,14,MIDDLE,2,2,1,9748,143,6873,True,0,False,False,False,False,0,0,0,2,6.22,Iron
21,Caitlyn,10,BOTTOM,1,8,2,5909,80,9103,False,0,False,False,False,False,0,0,0,0,21.53,Iron
22,Vayne,16,BOTTOM,9,10,4,14563,164,19284,True,1,False,False,False,False,0,0,2,3,14.86,Iron
23,Kaisa,2,NONE,0,0,0,826,9,799,False,0,False,False,False,False,0,0,0,0,34.54,Iron
24,Jinx,11,BOTTOM,3,5,3,7675,118,12933,False,0,False,False,False,False,0,0,3,1,25.75,Iron
25,Ivern,12,BOTTOM,0,0,6,6623,16,4997,True,1,False,False,False,False,0,1,0,0,9.33,Iron
26,Vayne,11,BOTTOM,1,10,1,6231,70,3055,False,0,False,False,False,False,0,0,2,2,5.13,Iron
27,Kaisa,17,BOTTOM,15,6,7,16856,182,32557,False,1,False,False,False,False,0,0,4,0,22.08,Iron
28,Kaisa,3,NONE,0,0,0,845,8,658,False,0,False,False,False,False,0,0,0,0,23.62,Iron
29,Zeri,16,BOTTOM,6,14,3,16166,243,23461,False,0,False,True,False,False,0,0,1,2,13.04,Iron
30,Zeri,8,NONE,0,3,0,4035,79,3641,False,0,False,False,False,False,0,0,0,0,17.67,Iron
31,Tristana,9,BOTTOM,2,4,4,5570,70,5528,False,0,False,False,False,False,0,0,0,0,27.53,Iron
32,Yuumi,16,BOTTOM,5,4,37,11441,1,11201,True,1,False,False,False,False,0,1,0,0,9.47,Iron
33,Yuumi,10,MIDDLE,0,4,4,5174,3,4479,False,0,False,False,False,False,0,0,0,1,9.85,Iron
34,Caitlyn,1,NONE,0,1,0,1549,1,180,False,0,False,False,False,False,0,0,0,0,1.79,Iron
35,Yuumi,13,BOTTOM,2,3,10,8209,3,9874,False,0,False,False,False,False,0,0,1,0,12.56,Iron
36,Ashe,11,BOTTOM,2,0,5,7139,98,6494,True,0,False,False,False,False,0,0,0,1,14.76,Iron
37,Yuumi,15,BOTTOM,2,3,26,9358,5,10367,True,0,False,False,False,False,0,0,1,0,8.63,Iron
38,Pantheon,13,BOTTOM,1,10,2,7114,36,9172,False,0,False,False,False,False,0,0,3,0,11.03,Iron
39,Yuumi,11,BOTTOM,0,0,15,7138,7,8283,True,0,False,False,False,False,0,2,0,0,10.57,Iron
40,Yuumi,9,BOTTOM,1,7,10,5680,0,4527,False,0,False,False,False,False,0,0,2,0,9.96,Iron
41,Twitch,18,BOTTOM,25,7,7,21668,199,63056,True,0,False,False,False,False,1,1,0,3,34.46,Iron
42,Twitch,12,BOTTOM,6,7,7,9126,72,15422,True,0,False,False,False,False,0,0,0,0,15.1,Iron
43,Kalista,11,BOTTOM,4,2,2,7832,118,7409,True,0,False,False,False,False,1,1,0,3,12.04,Iron
44,Kalista,14,BOTTOM,2,6,5,10752,161,12962,True,0,False,False,False,False,0,0,0,0,11.14,Iron
45,Leblanc,13,BOTTOM,4,11,8,8564,54,14919,False,0,False,False,False,False,0,0,2,0,24.87,Iron
46,Kindred,15,BOTTOM,7,11,6,12700,105,20000,True,0,False,False,False,False,0,0,1,1,16.25,Iron
47,Alistar,13,MIDDLE,2,7,14,7953,44,7541,True,1,False,True,False,False,0,1,0,1,10.34,Iron
48,Leblanc,17,MIDDLE,5,5,5,10105,151,17200,False,0,False,False,False,False,0,0,2,0,20.41,Iron
49,Leblanc,13,TOP,7,5,4,9084,104,11876,False,0,False,False,False,False,0,0,1,2,20.75,Iron
50,Katarina,17,MIDDLE,4,16,14,12375,132,20807,True,1,False,True,False,False,0,0,4,1,14.92,Iron
51,Leblanc,13,TOP,8,2,1,8356,109,15910,True,0,False,False,False,False,0,0,0,0,26.51,Iron
52,Leblanc,12,MIDDLE,3,2,0,7295,113,5801,True,0,False,False,False,False,0,0,0,1,7.45,Iron
53,Vex,15,MIDDLE,6,9,13,10169,111,21536,True,1,False,False,False,False,0,2,0,0,21.37,Iron
54,Katarina,18,MIDDLE,13,8,6,17294,201,30917,True,1,False,False,False,False,1,1,0,1,24.3,Iron
55,Leblanc,18,MIDDLE,14,5,9,16939,191,45441,False,0,False,False,False,False,0,0,2,2,27.03,Iron
56,Jayce,11,NONE,2,3,7,6781,87,7977,True,0,False,False,False,False,0,0,0,4,16.4,Iron
57,Leblanc,16,MIDDLE,17,4,10,14448,162,26942,True,1,False,False,False,False,0,1,0,2,22.05,Iron
58,Anivia,18,MIDDLE,6,6,6,14190,173,20124,False,0,False,False,False,False,0,0,3,0,14.86,Iron
59,Irelia,12,TOP,5,6,1,8386,142,7546,True,0,False,True,False,False,0,0,0,0,19.11,Iron
60,Irelia,11,NONE,3,1,0,6537,117,4021,True,0,False,False,False,True,0,0,0,5,16.25,Iron
61,Irelia,13,TOP,4,10,7,8151,144,14178,False,0,False,False,False,False,0,0,3,3,25.25,Iron
62,Soraka,4,BOTTOM,0,0,0,5135,0,836,False,0,False,False,False,False,0,0,4,0,1.06,Iron
63,Cassiopeia,15,BOTTOM,11,1,7,14124,164,15861,True,1,False,False,False,False,2,2,0,2,16.19,Iron
64,Kassadin,17,BOTTOM,12,6,3,14086,199,31770,True,0,False,False,False,False,0,0,0,0,26.67,Iron
65,Lucian,11,BOTTOM,2,3,6,7196,126,9482,True,0,False,False,False,False,0,0,0,0,16.83,Iron
66,Tristana,15,BOTTOM,5,11,9,11062,162,18767,False,0,False,False,False,False,0,0,3,1,16.51,Iron
67,Aphelios,9,NONE,1,3,1,4270,71,4183,False,0,False,False,False,False,0,0,0,1,18.49,Iron
68,Jhin,16,BOTTOM,4,12,4,12153,135,11999,False,1,False,False,False,False,0,0,1,1,7.03,Iron
69,Kassadin,18,BOTTOM,21,16,5,23203,200,72963,True,1,False,False,False,False,0,0,3,0,32.82,Iron
70,Senna,12,BOTTOM,1,4,2,6895,103,11172,False,0,False,False,False,False,0,0,0,0,18.01,Iron
71,Ashe,10,BOTTOM,0,5,4,5071,54,6513,True,0,False,False,False,False,0,0,0,0,9.6,Iron
72,Vayne,13,MIDDLE,1,11,5,6872,82,7397,False,0,False,False,False,False,0,0,2,0,9.52,Iron
73,Kassadin,11,BOTTOM,4,7,5,7606,95,9619,True,0,False,False,False,False,0,0,0,0,13.04,Iron
74,Kaisa,3,NONE,1,0,0,1311,16,408,True,0,False,False,False,False,0,0,0,0,18.54,Iron
75,Twitch,14,NONE,8,5,3,11442,96,12743,True,1,False,True,False,False,0,1,0,0,14.78,Iron
76,Sivir,16,NONE,4,9,9,11424,157,13430,False,0,False,False,False,False,0,0,4,0,9.11,Iron
77,KogMaw,9,NONE,3,6,3,5458,80,4957,False,0,False,False,False,False,0,0,0,2,15.5,Iron
78,Zeri,14,BOTTOM,7,9,9,11217,104,19562,True,0,False,False,False,False,0,0,0,0,15.9,Iron
79,Zeri,10,BOTTOM,7,5,3,8240,97,10036,False,0,False,False,True,False,0,0,0,1,22.49,Iron
80,Samira,18,BOTTOM,17,8,17,20116,201,42335,True,2,True,False,False,False,1,1,1,1,28.63,Iron
81,Samira,13,BOTTOM,4,9,7,10269,155,10900,False,0,False,False,False,False,0,0,2,0,14.45,Iron
82,Samira,13,BOTTOM,4,3,2,11618,208,12766,True,0,False,False,False,False,0,1,0,3,13.71,Iron
83,Samira,12,BOTTOM,4,7,5,8559,121,8713,False,0,False,False,False,False,0,0,3,0,13.1,Iron
84,Samira,17,BOTTOM,4,9,4,13676,211,13578,False,0,False,False,False,False,0,0,2,0,15.7,Iron
85,Janna,9,NONE,3,3,8,6419,5,5651,True,0,False,False,False,False,0,2,0,7,16.15,Iron
86,Karma,15,BOTTOM,4,2,13,10765,60,21477,False,0,False,False,False,False,0,0,4,3,23.32,Iron
87,Karma,3,NONE,0,0,0,756,2,594,False,0,False,False,False,False,0,0,0,0,33.56,Iron
88,Soraka,13,BOTTOM,1,1,16,8001,20,4518,True,1,True,False,False,False,1,2,0,1,5.59,Iron
89,Soraka,1,NONE,0,0,0,717,0,0,False,0,False,False,False,False,0,0,0,0,0.0,Iron
90,Janna,11,BOTTOM,0,4,9,6356,6,4044,False,0,False,False,False,False,0,0,2,0,5.59,Iron
91,Leblanc,13,MIDDLE,8,1,5,7768,89,14386,True,0,False,False,False,False,0,0,0,1,25.98,Iron
92,Leblanc,16,MIDDLE,15,7,7,12086,103,26239,False,0,False,False,False,False,0,0,1,1,35.22,Iron
93,Leblanc,17,MIDDLE,13,8,6,12283,117,29504,True,2,False,False,False,False,0,0,0,1,22.03,Iron
94,Leblanc,11,MIDDLE,2,8,5,5358,67,9191,False,0,False,False,False,False,0,0,2,0,26.32,Iron
95,Leblanc,3,NONE,0,1,0,902,11,1214,False,0,False,False,False,False,0,0,0,0,67.56,Iron
96,Leblanc,11,MIDDLE,1,3,3,6208,96,10341,False,0,False,False,False,False,0,0,0,0,37.6,Iron
0,Jinx,18,BOTTOM,22,11,14,23041,273,48143,False,1,True,False,False,True,1,2,2,7,31.21,Silver
1,Jinx,17,BOTTOM,7,7,14,16020,199,22529,True,1,False,False,False,False,1,1,0,1,19.11,Silver
2,Lux,16,BOTTOM,7,4,20,12081,49,26110,True,2,False,False,False,False,0,2,0,1,20.54,Silver
3,Velkoz,14,BOTTOM,3,12,6,9618,40,20193,False,0,False,False,False,False,0,0,1,1,21.44,Silver
4,Velkoz,14,BOTTOM,9,3,13,11699,61,22620,True,0,False,False,False,False,0,1,0,3,19.49,Silver
5,Lux,8,NONE,1,2,6,5287,17,4529,True,0,False,False,False,False,0,0,0,3,14.08,Silver
6,Jinx,12,BOTTOM,7,6,4,8701,120,11420,False,0,False,False,False,False,0,0,2,4,20.42,Silver
7,Kaisa,14,BOTTOM,3,5,9,10703,169,24601,False,0,True,False,False,True,0,0,1,5,27.05,Silver
8,Kaisa,16,BOTTOM,8,5,11,12930,180,23426,True,0,False,False,False,False,0,1,0,0,22.44,Silver
9,Ashe,14,BOTTOM,1,7,4,8955,181,6667,False,0,False,False,False,False,0,0,2,1,11.44,Silver
10,Jinx,18,BOTTOM,7,6,16,18313,245,23498,True,2,False,True,False,False,2,2,0,2,15.39,Silver
11,Jinx,15,BOTTOM,11,3,8,13622,156,20292,True,1,False,False,False,False,0,0,0,4,29.87,Silver
12,Twitch,11,BOTTOM,10,3,4,10423,123,14343,True,0,False,True,False,False,0,0,0,1,28.5,Silver
13,Twitch,10,NONE,10,3,4,7786,74,12169,True,0,False,False,False,False,0,0,0,2,28.39,Silver
14,Caitlyn,15,BOTTOM,6,2,9,13519,189,16784,True,0,False,False,False,True,2,2,0,2,19.46,Silver
15,Jinx,13,BOTTOM,11,3,6,12457,157,20210,True,0,False,False,False,False,1,2,0,3,24.2,Silver
16,Caitlyn,18,BOTTOM,19,8,14,25324,297,58112,True,3,False,False,False,False,3,4,2,0,24.85,Silver
17,Jinx,17,BOTTOM,15,8,11,18933,228,44419,False,1,False,False,False,False,0,0,2,2,37.39,Silver
18,Jinx,18,BOTTOM,18,6,9,21542,254,42057,True,1,False,False,False,False,1,3,0,3,27.98,Silver
19,Ashe,16,BOTTOM,12,2,18,14741,172,17317,True,1,False,False,False,False,1,1,0,4,16.25,Silver
20,Lux,14,BOTTOM,3,5,14,10089,39,15841,True,1,False,False,False,False,1,2,0,5,13.15,Silver
21,Jinx,18,BOTTOM,30,12,13,29364,331,74194,False,0,False,False,False,False,0,0,9,4,33.23,Silver
22,Quinn,11,NONE,6,2,4,6833,94,11682,True,0,False,False,False,False,0,0,0,2,34.42,Silver
23,Caitlyn,12,BOTTOM,3,9,5,9444,153,10029,False,0,False,False,False,False,0,0,3,2,17.56,Silver
24,Lux,15,MIDDLE,3,4,9,9219,151,13688,True,1,False,False,False,False,0,0,0,0,12.75,Silver
25,Kaisa,18,BOTTOM,12,6,15,17855,262,61853,True,1,False,False,False,False,0,1,2,2,39.16,Silver
26,Ashe,13,BOTTOM,7,3,12,11654,152,16049,True,0,False,False,False,False,0,0,0,1,20.91,Silver
27,Caitlyn,16,BOTTOM,8,7,10,15144,223,32371,False,0,False,False,True,False,0,0,3,5,27.59,Silver
28,Jinx,16,BOTTOM,6,4,11,14031,185,21885,True,1,True,False,False,False,1,1,0,3,19.98,Silver
29,Jhin,17,BOTTOM,8,6,12,12621,164,27717,False,0,True,False,False,False,0,0,3,0,25.42,Silver
30,Caitlyn,11,BOTTOM,7,13,5,9913,100,13512,False,0,False,True,False,False,0,0,1,2,25.31,Silver
31,Jinx,18,BOTTOM,7,5,10,16701,261,30226,False,0,False,False,False,False,0,0,5,1,18.83,Silver
32,Jhin,16,BOTTOM,9,13,8,13842,137,16787,False,1,False,False,False,False,0,0,3,1,13.59,Silver
33,Ashe,18,BOTTOM,5,11,20,16666,228,27847,False,0,False,False,False,False,0,0,5,1,14.54,Silver
34,Ezreal,18,BOTTOM,10,7,15,17556,203,34169,True,2,False,False,False,False,1,1,2,1,26.97,Silver
35,Jinx,18,BOTTOM,16,1,5,19280,296,36135,True,0,False,False,False,False,0,1,0,1,33.5,Silver
36,Ashe,16,BOTTOM,11,10,17,15779,149,27774,False,0,False,False,False,False,0,0,1,2,24.35,Silver
37,Caitlyn,18,BOTTOM,10,6,15,19680,276,37727,False,2,False,False,False,False,0,0,3,2,28.41,Silver
38,Tristana,18,BOTTOM,18,9,12,21050,222,41868,True,1,False,False,False,False,1,3,0,4,28.2,Silver
39,Zeri,7,NONE,1,1,2,3868,65,1756,True,0,False,False,False,False,0,0,0,3,10.28,Silver
40,Jinx,13,BOTTOM,4,7,10,11189,128,11287,False,0,False,False,False,False,0,0,2,2,14.65,Silver
41,Kaisa,8,NONE,4,3,5,5184,12,6647,True,0,False,False,False,False,0,0,0,2,16.58,Silver
42,Lux,15,BOTTOM,11,4,18,13008,41,26738,True,1,False,False,True,False,0,2,0,2,20.42,Silver
43,Jhin,18,BOTTOM,18,7,13,21159,228,43256,False,1,True,False,False,False,1,1,3,1,31.7,Silver
44,XinZhao,17,JUNGLE,9,9,19,15105,54,23396,True,0,False,False,False,False,0,1,1,2,16.23,Silver
45,Ashe,13,BOTTOM,2,6,10,9053,142,12952,False,0,False,False,False,False,0,0,2,3,19.75,Silver
46,Jinx,14,BOTTOM,3,8,4,10422,172,15301,False,0,False,False,False,False,0,0,2,1,18.2,Silver
47,Jinx,17,BOTTOM,15,10,10,18536,216,35136,False,0,False,False,False,False,0,0,5,0,43.43,Silver
48,Kaisa,16,BOTTOM,10,4,11,14584,221,26916,True,0,False,False,False,False,0,1,0,1,25.92,Silver
49,Ashe,16,BOTTOM,11,6,13,15181,163,20198,False,0,False,False,False,False,0,0,3,1,20.85,Silver
50,Quinn,14,TOP,1,5,4,8138,169,9641,False,0,False,False,False,False,0,0,2,0,17.99,Silver
51,Lux,14,BOTTOM,9,10,11,12257,50,23036,False,0,False,False,False,False,0,0,3,2,21.6,Silver
52,Blitzcrank,11,BOTTOM,4,10,6,7007,27,7516,False,0,False,False,False,False,0,0,1,0,13.91,Silver
53,Lucian,11,BOTTOM,1,3,1,6597,143,5108,False,0,False,False,False,False,0,0,3,0,13.77,Silver
54,Ashe,14,BOTTOM,7,1,13,12827,176,20146,True,0,False,False,False,False,0,1,1,3,22.51,Silver
55,Jinx,11,BOTTOM,2,0,10,8015,145,8193,True,0,False,False,False,False,0,1,0,4,16.24,Silver
56,Teemo,14,TOP,3,8,5,9225,151,17184,False,0,False,False,False,False,0,0,1,2,29.28,Silver
57,XinZhao,16,JUNGLE,6,8,12,12511,28,16755,True,1,False,False,False,True,1,1,0,2,13.49,Silver
58,Lux,8,NONE,1,2,3,4169,20,4681,False,0,False,False,False,False,0,0,0,4,21.82,Silver
59,Caitlyn,18,BOTTOM,8,7,7,15845,215,26841,True,1,False,False,False,False,0,1,1,2,18.79,Silver
60,Kaisa,18,BOTTOM,8,8,9,15782,237,28293,False,0,True,False,False,False,0,0,3,2,20.91,Silver
61,Kaisa,18,MIDDLE,11,13,5,18502,234,37931,True,0,False,False,False,False,0,1,0,2,30.18,Silver
62,Caitlyn,12,BOTTOM,1,6,5,7349,151,9788,False,0,False,False,False,False,0,0,1,1,17.68,Silver
63,Kaisa,17,MIDDLE,8,2,5,14677,277,35575,False,0,False,False,False,False,0,0,2,0,31.67,Silver
64,Kaisa,17,BOTTOM,6,6,12,15142,273,26468,False,0,False,False,False,False,0,0,4,1,25.92,Silver
65,Kaisa,12,BOTTOM,5,5,12,8253,29,12556,True,0,False,False,False,False,0,0,0,1,16.3,Silver
66,Caitlyn,16,BOTTOM,8,2,7,15119,231,18066,True,1,False,False,False,False,1,2,0,2,20.32,Silver
67,Caitlyn,14,BOTTOM,0,1,1,7965,198,6592,False,0,False,False,False,False,0,0,3,0,12.05,Silver
68,Teemo,11,NONE,4,2,0,7198,129,16531,True,0,False,False,False,False,0,0,0,5,42.53,Silver
69,Jinx,17,BOTTOM,16,5,12,19387,216,37563,True,0,False,False,False,False,0,1,0,3,34.95,Silver
70,Caitlyn,11,BOTTOM,3,4,1,8534,167,3363,False,0,False,False,False,True,0,0,2,5,9.77,Silver
71,Nocturne,17,JUNGLE,18,2,7,16650,38,23031,True,1,True,False,False,False,0,0,0,4,30.62,Silver
72,Jinx,18,BOTTOM,13,2,7,19928,246,30694,True,2,True,False,False,False,0,0,0,8,18.8,Silver
73,Caitlyn,15,BOTTOM,6,6,4,13745,229,18479,True,1,False,False,False,False,0,0,0,4,16.4,Silver
74,Teemo,17,TOP,5,3,7,13412,188,19471,True,1,False,False,False,False,1,1,0,3,18.53,Silver
75,Quinn,16,TOP,4,9,5,11975,184,15399,False,0,False,False,False,False,0,0,1,1,13.26,Silver
76,Udyr,15,JUNGLE,10,2,8,12255,65,18254,True,1,False,False,True,False,0,1,0,4,18.91,Silver
77,Ezreal,13,TOP,6,2,6,10202,144,13163,True,0,True,False,False,False,1,3,0,5,19.91,Silver
78,Quinn,18,TOP,15,2,7,16686,194,38270,True,2,False,False,False,False,2,2,0,2,28.71,Silver
79,Jinx,10,NONE,6,0,3,7087,124,9010,True,0,True,False,False,False,0,0,0,3,35.94,Silver
80,Caitlyn,14,BOTTOM,5,9,4,11160,175,17795,False,0,False,False,True,False,0,0,1,7,19.54,Silver
81,Caitlyn,14,BOTTOM,4,1,1,11079,182,12930,True,0,False,True,False,False,0,0,0,5,18.25,Silver
82,Nautilus,12,BOTTOM,3,4,4,7381,53,8211,False,0,False,True,False,False,0,0,1,1,13.25,Silver
83,Jinx,12,BOTTOM,2,6,3,8227,141,8795,False,0,True,False,False,False,0,0,1,0,16.46,Silver
84,XinZhao,16,JUNGLE,6,4,10,13904,44,16561,False,0,False,True,False,False,0,0,1,0,15.7,Silver
85,Nocturne,10,BOTTOM,0,2,2,5933,15,2675,False,0,False,False,False,False,0,0,0,0,7.0,Silver
86,Caitlyn,13,BOTTOM,2,3,7,9162,151,9742,False,0,False,False,False,False,0,0,3,2,22.79,Silver
87,Caitlyn,16,BOTTOM,5,7,7,14092,244,24473,False,0,False,False,False,False,0,0,3,3,20.17,Silver
88,Jinx,17,BOTTOM,11,6,13,16982,206,61043,False,0,False,False,False,True,0,0,2,0,33.37,Silver
89,Kaisa,13,BOTTOM,5,2,10,10248,130,11958,True,0,False,False,False,False,0,0,0,3,21.77,Silver
90,Caitlyn,16,BOTTOM,7,6,10,14292,202,21258,True,1,False,False,False,False,1,1,0,1,20.45,Silver
91,Jinx,18,BOTTOM,10,6,18,19192,247,30756,True,1,False,False,False,True,1,2,0,2,24.9,Silver
92,Lux,18,BOTTOM,5,5,26,13299,105,38797,True,0,False,False,False,False,1,1,0,2,21.81,Silver
0,Senna,10,BOTTOM,0,3,1,5422,36,4554,False,0,False,False,False,False,0,0,3,1,13.3,Diamond
1,Blitzcrank,11,BOTTOM,5,3,14,8011,33,6052,True,1,False,True,False,True,0,0,0,2,10.65,Diamond
2,Soraka,13,BOTTOM,0,2,17,8051,16,5369,True,1,False,False,False,False,0,1,0,2,5.64,Diamond
3,Senna,14,BOTTOM,3,7,7,11059,59,16006,False,1,False,False,False,False,0,0,1,1,18.17,Diamond
4,Senna,16,BOTTOM,8,7,18,14373,50,20361,True,2,False,False,False,False,2,4,0,2,14.2,Diamond
5,Senna,10,BOTTOM,5,0,5,8799,23,11213,True,0,False,False,False,True,1,2,0,9,23.58,Diamond
6,Senna,14,BOTTOM,3,10,12,10935,75,19233,False,1,False,False,False,False,0,0,1,2,20.38,Diamond
7,Senna,13,BOTTOM,3,1,12,9305,35,11607,True,1,False,False,False,False,0,0,0,4,17.79,Diamond
8,Soraka,15,BOTTOM,2,8,25,10371,30,10513,False,1,False,False,False,False,0,2,2,1,7.52,Diamond
9,Soraka,16,BOTTOM,1,4,25,10492,15,6099,True,2,False,False,False,False,1,3,0,3,5.18,Diamond
10,Soraka,11,BOTTOM,0,3,6,5546,20,2814,False,0,False,False,False,False,0,0,1,0,7.23,Diamond
11,Soraka,2,NONE,0,0,0,773,4,191,False,0,False,False,False,False,0,0,0,0,10.79,Diamond
12,Senna,13,BOTTOM,2,3,13,9676,36,12178,True,0,False,False,True,False,0,0,0,4,16.0,Diamond
13,Soraka,12,BOTTOM,1,4,25,7988,16,6974,True,1,False,False,False,False,0,0,0,3,10.7,Diamond
14,Soraka,11,BOTTOM,5,6,13,8669,35,8412,False,0,False,False,False,False,0,0,1,2,12.11,Diamond
15,Soraka,13,BOTTOM,2,6,20,8323,8,6318,True,1,False,False,False,False,0,1,0,2,8.38,Diamond
16,TahmKench,12,BOTTOM,1,0,10,9294,158,5920,True,0,False,False,True,False,0,0,0,5,9.61,Diamond
17,Soraka,14,MIDDLE,1,5,24,9189,23,7844,True,1,False,False,False,False,0,1,0,0,7.75,Diamond
18,Soraka,13,BOTTOM,0,3,20,8036,22,5644,True,0,True,False,True,False,0,0,0,2,6.99,Diamond
19,Yuumi,10,BOTTOM,1,3,3,4372,2,3203,False,0,False,False,False,False,0,0,1,0,8.11,Diamond
20,Soraka,10,BOTTOM,2,5,5,5191,18,4502,False,0,False,False,False,False,0,0,1,0,11.25,Diamond
21,Soraka,14,BOTTOM,0,5,25,8467,20,6274,True,0,False,False,False,False,0,0,0,3,5.66,Diamond
22,Soraka,9,NONE,0,3,11,5075,6,3072,True,0,False,False,False,False,0,0,0,2,6.93,Diamond
23,Soraka,11,BOTTOM,0,4,15,6894,16,4276,False,0,False,False,False,False,0,0,2,4,7.54,Diamond
24,Yuumi,7,NONE,0,2,0,2859,0,2347,False,0,False,False,False,False,0,0,0,0,11.93,Diamond
25,Soraka,15,BOTTOM,2,6,21,10248,31,11190,True,1,False,False,False,False,0,1,0,1,10.3,Diamond
26,Soraka,14,BOTTOM,2,4,20,8995,14,3965,True,1,False,False,False,True,0,1,0,3,4.84,Diamond
27,Soraka,11,BOTTOM,0,3,3,5247,15,4298,False,0,False,False,False,False,0,0,2,0,10.53,Diamond
28,Lulu,12,BOTTOM,0,7,9,6890,19,4442,False,0,True,False,False,False,0,0,2,2,6.51,Diamond
29,Soraka,10,NONE,0,1,8,5177,13,2372,True,0,False,False,False,False,0,0,0,1,5.99,Diamond
30,Corki,14,MIDDLE,3,4,2,9499,165,11229,True,1,False,False,False,False,0,1,0,1,20.48,Diamond
31,Renata,13,BOTTOM,0,2,4,6598,40,4613,False,0,False,False,False,False,0,0,1,2,8.23,Diamond
32,Senna,16,JUNGLE,8,4,21,14476,41,30956,True,0,True,False,False,False,0,1,0,4,30.57,Diamond
33,Soraka,15,BOTTOM,2,7,26,9685,22,6937,True,0,False,False,False,False,1,2,0,0,5.71,Diamond
34,Soraka,13,BOTTOM,1,6,16,7772,15,5332,False,1,False,False,False,False,0,0,1,0,5.95,Diamond
35,Soraka,15,BOTTOM,0,3,15,8391,18,6020,True,2,False,False,False,False,0,2,0,2,5.89,Diamond
36,Soraka,13,BOTTOM,1,4,12,5609,13,4295,False,0,False,False,False,False,0,0,4,0,9.31,Diamond
37,Soraka,16,BOTTOM,0,9,25,9973,23,5566,False,2,True,False,False,False,0,1,1,4,4.8,Diamond
38,Lulu,12,BOTTOM,0,4,11,7340,22,3090,True,0,False,False,False,False,1,3,0,1,3.95,Diamond
39,Soraka,12,BOTTOM,1,3,14,7346,10,4532,True,0,False,False,False,False,0,1,0,3,5.76,Diamond
40,Soraka,16,BOTTOM,0,10,34,10951,13,9623,True,1,False,False,True,False,1,3,0,3,7.42,Diamond
41,Sona,10,BOTTOM,1,6,6,5051,2,5213,False,0,False,False,False,False,0,0,1,0,11.45,Diamond
42,Soraka,10,NONE,1,2,10,6617,8,4040,True,0,False,False,True,False,0,0,0,5,7.51,Diamond
43,Swain,11,BOTTOM,5,1,9,8755,41,7944,True,0,False,False,True,False,0,1,0,7,13.3,Diamond
44,Brand,16,JUNGLE,9,9,8,14406,75,24032,False,1,False,False,True,False,0,0,3,5,27.25,Diamond
45,Soraka,13,BOTTOM,1,2,19,7605,9,3974,True,1,False,False,True,False,1,1,0,1,6.83,Diamond
46,Yuumi,14,BOTTOM,0,9,20,8214,2,12027,False,1,False,False,False,False,0,0,1,1,11.26,Diamond
47,Akshan,17,MIDDLE,8,5,2,16997,247,13010,False,0,False,False,False,False,0,0,4,4,18.19,Diamond
48,Soraka,13,BOTTOM,1,5,25,7804,10,6132,True,1,False,False,False,False,0,1,0,1,6.55,Diamond
49,Soraka,12,BOTTOM,0,6,5,5470,14,3996,False,0,False,False,False,False,0,0,2,1,6.25,Diamond
50,Taric,11,BOTTOM,1,8,3,6492,44,3919,False,0,False,False,False,False,0,0,1,5,6.0,Diamond
51,Soraka,16,MIDDLE,0,3,21,8652,15,5219,True,0,False,False,False,False,0,1,3,3,5.29,Diamond
52,Soraka,2,NONE,0,0,0,804,0,308,False,0,False,False,False,False,0,0,0,0,12.69,Diamond
53,Soraka,10,NONE,1,2,15,6068,6,3453,True,0,False,False,False,False,0,0,0,0,6.32,Diamond
54,Soraka,13,BOTTOM,0,8,13,7828,29,4854,False,0,False,False,False,False,0,0,1,1,4.97,Diamond
55,Soraka,15,BOTTOM,1,4,18,9395,37,3516,True,1,False,False,False,False,0,1,0,0,5.15,Diamond
56,Soraka,11,BOTTOM,0,4,14,7058,14,3046,True,1,False,False,False,False,0,2,0,4,4.95,Diamond
57,Zyra,16,BOTTOM,7,10,17,13172,81,23829,False,0,False,False,False,False,0,0,3,4,24.53,Diamond
58,Soraka,14,BOTTOM,2,12,17,10179,13,6845,True,0,False,False,False,False,0,0,0,4,6.85,Diamond
59,Senna,14,BOTTOM,6,8,16,11265,44,24642,False,0,False,False,False,False,0,0,1,1,25.56,Diamond
60,Soraka,13,BOTTOM,0,7,24,8731,19,4906,True,1,False,False,False,False,0,1,0,2,4.74,Diamond
61,Akshan,16,MIDDLE,10,7,4,13811,166,18462,False,0,False,False,False,False,0,0,2,2,21.9,Diamond
62,Zilean,14,BOTTOM,1,6,13,8856,52,11500,False,0,False,False,False,False,0,0,3,0,14.37,Diamond
63,Taric,12,BOTTOM,1,6,16,7800,45,5300,True,0,False,False,False,False,0,1,1,1,7.06,Diamond
64,Lulu,13,BOTTOM,2,6,13,7764,20,4516,False,0,False,False,False,False,0,0,1,0,5.49,Diamond
65,Soraka,14,TOP,2,3,20,9043,13,6597,True,1,False,False,False,False,0,1,0,2,7.12,Diamond
66,Sona,15,BOTTOM,2,5,16,9684,28,10870,True,0,False,False,True,False,0,1,1,4,9.32,Diamond
67,Senna,12,BOTTOM,7,4,3,9129,43,13263,False,0,False,False,False,False,0,0,1,0,28.11,Diamond
68,Soraka,13,BOTTOM,3,5,17,8767,29,6406,True,0,False,False,False,False,1,1,0,1,7.68,Diamond
69,Soraka,16,BOTTOM,4,9,24,10469,32,6482,False,0,False,False,False,False,0,0,1,0,5.2,Diamond
70,MissFortune,13,BOTTOM,3,4,7,7994,69,15307,False,0,False,False,False,False,0,0,2,0,19.79,Diamond
71,Soraka,11,BOTTOM,0,2,13,6891,10,4727,False,1,False,False,False,False,0,0,2,5,9.53,Diamond
72,Soraka,10,BOTTOM,2,1,9,6161,9,3351,True,0,False,False,False,False,0,1,0,4,5.27,Diamond
73,Soraka,10,BOTTOM,0,3,2,4701,24,3236,False,0,False,False,False,False,0,0,3,0,9.84,Diamond
74,Soraka,11,TOP,0,3,10,6617,12,3941,True,1,False,False,False,False,0,1,0,4,7.56,Diamond
75,Soraka,14,BOTTOM,2,8,24,10081,22,5947,False,0,False,False,False,False,0,2,1,3,5.1,Diamond
76,Soraka,11,BOTTOM,1,2,11,6595,11,4967,True,0,False,False,True,False,0,0,0,3,8.96,Diamond
77,Soraka,9,NONE,1,1,8,4581,11,2189,True,0,False,False,False,False,0,0,0,2,6.5,Diamond
78,Soraka,10,BOTTOM,0,6,4,4364,6,2213,False,0,False,False,False,False,0,0,2,0,6.02,Diamond
79,Soraka,16,MIDDLE,3,6,23,11129,34,9318,True,2,False,False,False,False,0,1,0,1,6.43,Diamond
80,Soraka,12,BOTTOM,3,3,14,8005,19,4185,True,1,False,False,False,False,0,2,0,3,5.44,Diamond
81,Soraka,13,MIDDLE,1,4,7,8898,157,8964,False,0,True,False,False,False,0,0,2,1,10.98,Diamond
82,Soraka,15,BOTTOM,0,8,9,7934,19,6514,False,0,False,False,False,False,0,0,3,1,6.78,Diamond
83,Soraka,12,BOTTOM,2,0,11,7481,8,3000,True,1,True,False,True,False,1,2,0,5,5.53,Diamond
84,Senna,18,BOTTOM,14,7,21,20969,70,47936,True,3,True,False,False,False,1,1,1,3,31.38,Diamond
85,Soraka,10,BOTTOM,4,2,3,6500,17,3250,False,0,False,False,False,False,0,0,2,4,11.72,Diamond
86,Soraka,11,BOTTOM,0,8,13,6101,13,4425,False,0,False,False,False,False,0,0,1,0,7.07,Diamond
87,Soraka,16,BOTTOM,0,8,23,10008,30,6240,True,1,False,False,False,False,0,1,1,0,4.91,Diamond
88,Soraka,6,NONE,0,1,4,2819,13,1757,False,0,False,False,False,False,0,0,0,0,13.11,Diamond
89,Soraka,13,BOTTOM,0,3,8,7311,24,4996,False,0,False,False,False,False,0,1,1,1,11.36,Diamond
90,Sona,13,JUNGLE,3,4,19,9506,18,9485,True,1,False,False,False,False,0,2,0,5,11.74,Diamond
91,Sona,9,MIDDLE,2,7,3,5312,9,3750,False,0,False,False,False,False,0,0,0,2,9.62,Diamond
92,Sona,12,BOTTOM,1,5,18,6977,12,6313,True,1,False,False,False,False,0,0,0,1,8.4,Diamond
93,Soraka,16,BOTTOM,1,7,26,11516,41,6113,False,0,False,False,False,False,0,0,2,3,4.41,Diamond
94,Soraka,16,BOTTOM,1,1,14,9667,69,6392,False,1,False,False,False,True,0,1,1,0,5.53,Diamond
95,Sona,12,BOTTOM,0,2,6,6559,33,5276,False,0,False,False,False,False,0,0,0,3,9.13,Diamond
96,Soraka,10,BOTTOM,0,4,1,4254,9,2336,False,0,False,False,False,False,0,0,2,0,7.68,Diamond
97,Soraka,14,BOTTOM,1,2,21,9066,29,5259,True,0,False,False,False,False,0,2,0,1,5.16,Diamond
98,Yuumi,14,BOTTOM,1,7,17,9475,4,9075,False,0,False,True,False,False,0,0,1,4,12.26,Diamond
99,Karma,11,JUNGLE,2,5,8,7386,26,5691,False,0,False,False,False,False,0,0,1,1,10.48,Diamond
0,MasterYi,16,JUNGLE,11,10,7,13722,46,34290,False,0,False,False,False,False,0,0,1,3,32.72,Bronze
1,Chogath,15,TOP,8,4,6,12836,150,23678,False,0,False,False,False,True,0,0,1,1,27.79,Bronze
2,Trundle,11,JUNGLE,4,6,2,6501,5,6784,False,0,False,False,False,False,0,0,0,0,17.73,Bronze
3,Trundle,13,JUNGLE,1,9,5,7035,22,10184,False,0,False,False,False,False,0,0,2,0,15.06,Bronze
4,Trundle,18,JUNGLE,3,12,9,12046,23,19299,True,2,False,False,False,False,1,2,0,0,10.93,Bronze
5,Trundle,18,JUNGLE,10,6,20,15512,36,26911,True,1,True,False,False,True,1,1,2,4,16.82,Bronze
6,Trundle,14,JUNGLE,3,8,12,9360,5,9511,True,0,False,False,False,True,0,0,0,2,13.1,Bronze
7,Trundle,15,JUNGLE,5,4,8,12223,39,17072,True,0,False,False,False,True,0,0,0,4,15.23,Bronze
8,Warwick,13,JUNGLE,6,8,6,9552,25,11803,False,0,False,False,False,False,0,0,3,0,20.05,Bronze
9,Warwick,16,JUNGLE,4,12,9,11008,24,14451,False,1,False,False,False,False,0,0,2,0,13.51,Bronze
10,Warwick,16,JUNGLE,11,4,9,13179,37,17190,True,1,False,False,False,False,1,2,0,0,18.1,Bronze
11,Warwick,16,JUNGLE,14,8,15,14383,38,22152,False,1,False,False,False,False,0,0,3,0,22.63,Bronze
12,Warwick,18,JUNGLE,12,15,13,16774,34,17261,True,1,True,False,False,False,0,1,2,0,12.16,Bronze
13,Shyvana,16,JUNGLE,2,4,10,10781,35,9004,True,1,False,False,False,False,0,1,0,2,8.49,Bronze
14,Warwick,18,JUNGLE,15,9,15,17184,41,31977,True,0,False,True,True,False,1,2,1,5,19.81,Bronze
15,MasterYi,16,JUNGLE,6,10,8,11535,9,13603,True,2,False,False,False,False,1,2,0,0,9.47,Bronze
16,Warwick,17,JUNGLE,8,7,8,13106,44,18956,True,2,True,False,False,False,0,0,0,2,13.52,Bronze
17,Warwick,14,JUNGLE,3,8,6,9838,12,11364,True,1,False,True,False,False,1,3,0,0,14.87,Bronze
18,Warwick,18,JUNGLE,10,9,15,14249,51,25535,True,1,False,False,False,False,0,0,4,3,14.47,Bronze
19,Chogath,3,NONE,0,0,0,967,12,519,True,0,False,False,False,False,0,0,0,0,35.48,Bronze
20,LeeSin,3,NONE,0,2,0,2855,0,824,False,0,False,False,False,False,0,0,1,0,3.52,Bronze
21,LeeSin,9,JUNGLE,1,5,4,5254,9,7954,False,0,False,False,False,False,0,0,1,0,17.66,Bronze
22,LeeSin,9,JUNGLE,3,6,3,6163,10,4915,True,0,False,False,False,False,0,0,0,0,10.98,Bronze
23,Graves,8,NONE,0,7,0,4216,13,3537,False,0,False,False,False,False,0,0,1,0,11.84,Bronze
24,Graves,13,JUNGLE,3,10,3,9525,35,19586,False,0,False,False,False,False,0,0,3,0,24.87,Bronze
25,Graves,9,NONE,3,3,1,5919,2,2650,True,0,False,True,False,True,0,0,0,4,6.1,Bronze
26,Chogath,13,TOP,4,9,1,9092,106,5899,False,0,False,False,False,False,0,0,3,0,14.01,Bronze
27,Chogath,11,TOP,2,6,0,5667,78,5970,False,0,False,False,False,False,0,0,2,0,19.74,Bronze
28,MasterYi,16,JUNGLE,6,13,12,13798,31,18878,False,0,False,False,False,False,0,0,2,2,19.28,Bronze
29,Chogath,13,TOP,3,5,2,8885,107,8692,False,0,False,False,False,False,0,0,1,0,13.81,Bronze
30,Zac,9,JUNGLE,2,8,4,5385,12,5594,False,0,False,False,False,False,0,0,1,0,13.95,Bronze
31,Zac,13,JUNGLE,4,0,7,8002,15,5699,True,0,False,False,False,False,0,0,0,0,10.55,Bronze
32,Shyvana,18,JUNGLE,2,13,13,14260,47,26904,False,3,False,False,False,False,1,2,2,3,16.58,Bronze
33,FiddleSticks,14,JUNGLE,2,6,10,9171,18,9979,False,0,False,False,False,False,0,0,3,0,11.49,Bronze
34,Shyvana,10,JUNGLE,2,2,2,6636,8,5235,True,0,False,False,False,False,0,3,0,3,11.49,Bronze
35,Shyvana,16,JUNGLE,10,6,11,13266,49,16148,True,0,True,False,False,False,0,1,0,0,16.5,Bronze
36,Shyvana,11,NONE,6,6,3,7214,7,9816,False,0,False,False,False,False,0,0,0,0,20.72,Bronze
37,Shyvana,12,JUNGLE,3,4,6,8534,13,7293,True,0,False,False,False,False,0,0,0,3,13.15,Bronze
38,Shyvana,11,NONE,9,3,2,9234,13,8990,True,0,False,True,False,False,0,0,0,0,20.18,Bronze
39,Shyvana,13,JUNGLE,3,7,9,8367,13,12956,False,0,False,False,False,False,0,0,3,2,15.71,Bronze
40,Shyvana,17,JUNGLE,9,13,11,14763,23,35805,False,0,False,False,False,False,0,0,2,0,21.02,Bronze
41,Shyvana,16,JUNGLE,8,10,11,11783,21,22764,True,0,False,False,False,False,0,1,0,4,19.77,Bronze
42,MasterYi,14,JUNGLE,9,4,5,10149,18,12780,True,0,False,False,False,True,0,1,0,3,17.27,Bronze
43,MasterYi,12,JUNGLE,2,10,5,8059,22,9209,False,0,False,False,False,True,0,0,2,2,13.89,Bronze
44,MasterYi,12,JUNGLE,4,6,2,8372,15,8591,False,0,False,False,False,False,0,0,1,2,19.85,Bronze
45,MasterYi,15,JUNGLE,7,6,2,12508,42,13785,False,0,False,False,False,True,0,0,0,3,17.53,Bronze
46,MasterYi,11,NONE,6,5,4,8299,15,4715,True,0,True,False,False,False,0,0,0,0,9.46,Bronze
47,MasterYi,10,TOP,6,11,3,7023,20,9435,False,0,False,False,False,False,0,0,2,0,21.1,Bronze
48,MasterYi,11,JUNGLE,2,7,5,7121,15,6703,False,0,False,False,False,False,0,0,1,0,11.6,Bronze
49,Veigar,13,MIDDLE,4,4,5,8791,122,12308,True,0,False,False,False,False,0,0,0,1,17.95,Bronze
50,Karthus,12,JUNGLE,3,5,10,7613,11,9161,True,0,False,False,False,False,0,0,0,0,13.29,Bronze
51,Zac,15,JUNGLE,2,9,9,9927,35,10906,True,2,False,False,False,False,2,2,2,1,8.23,Bronze
52,Urgot,18,TOP,7,8,8,13382,176,24082,True,2,False,False,False,False,0,1,0,1,17.38,Bronze
53,Zac,12,JUNGLE,1,6,8,7632,13,8265,True,0,False,False,False,False,1,1,0,0,12.71,Bronze
54,Nasus,16,TOP,4,2,3,10648,157,10629,True,1,False,False,False,False,0,0,0,2,11.52,Bronze
55,Ornn,16,TOP,3,11,15,10158,135,22950,False,1,False,False,False,False,0,0,1,2,19.54,Bronze
56,Illaoi,15,JUNGLE,4,6,10,9282,140,18660,True,1,True,False,False,True,1,1,0,1,25.04,Bronze
57,Tristana,9,BOTTOM,1,8,1,5514,86,5794,False,0,False,False,False,False,0,0,0,0,19.32,Bronze
58,Zac,14,JUNGLE,1,5,8,8805,20,10450,True,0,False,False,False,False,1,1,0,0,12.17,Bronze
59,Zac,12,JUNGLE,7,4,12,8809,17,11340,True,0,False,False,False,False,1,1,0,0,16.66,Bronze
60,Zac,13,JUNGLE,9,7,5,10966,24,11651,False,0,False,False,False,False,0,0,3,0,15.33,Bronze
61,Sion,14,TOP,4,7,0,10131,137,15832,False,0,False,False,False,True,0,0,2,1,30.39,Bronze
62,Sion,14,TOP,2,6,0,8318,135,6413,False,0,False,False,False,False,0,0,2,1,12.66,Bronze
63,Sion,15,TOP,5,5,3,9493,129,11951,True,1,False,False,False,False,0,1,0,4,14.41,Bronze
64,Hecarim,13,JUNGLE,4,11,11,9693,22,14237,False,0,True,False,False,False,0,0,1,0,18.63,Bronze
65,Hecarim,10,NONE,3,5,3,6705,12,9972,True,0,False,False,False,False,0,0,0,0,20.83,Bronze
66,Hecarim,16,JUNGLE,3,6,17,12162,35,18909,True,1,False,False,False,False,0,1,0,1,12.35,Bronze
67,Jayce,14,TOP,3,13,3,8921,134,17944,False,0,False,False,False,False,0,0,2,1,20.45,Bronze
68,Nautilus,16,BOTTOM,0,11,20,9840,35,12070,True,2,False,False,False,False,0,0,1,0,7.59,Bronze
69,Morgana,11,BOTTOM,1,12,7,5902,17,8087,False,0,False,True,False,False,0,0,2,0,11.9,Bronze
70,Nautilus,15,BOTTOM,5,8,29,12172,39,13936,True,0,False,False,False,False,0,2,0,2,10.35,Bronze
71,Karthus,17,JUNGLE,11,12,13,15956,78,39032,False,0,False,False,False,False,0,0,2,0,31.08,Bronze
72,Hecarim,12,JUNGLE,3,7,3,7203,17,7107,False,0,False,False,False,False,0,0,2,0,12.77,Bronze
73,Ivern,8,NONE,1,6,4,4376,1,3372,False,0,False,False,False,False,0,0,0,0,18.31,Bronze
74,Graves,7,NONE,0,2,1,3331,3,3219,False,0,False,False,False,False,0,0,0,0,16.32,Bronze
75,Hecarim,11,JUNGLE,2,7,1,6362,24,7056,False,0,False,False,False,False,0,0,3,0,19.62,Bronze
76,Karthus,12,JUNGLE,9,13,2,9930,41,24330,False,0,False,False,False,False,0,0,3,0,35.42,Bronze
77,Graves,15,JUNGLE,7,7,8,11416,17,15048,True,1,False,False,False,False,0,0,0,0,13.87,Bronze
78,Graves,9,NONE,2,1,6,5299,7,5124,True,0,True,False,False,False,0,0,0,0,15.85,Bronze
79,Graves,3,NONE,0,0,0,1067,0,0,True,0,False,False,False,False,0,0,0,0,0.0,Bronze
80,Graves,12,JUNGLE,2,9,8,7530,14,9560,False,0,False,False,False,False,0,0,1,0,12.1,Bronze
81,Karthus,13,JUNGLE,9,6,11,11152,29,18818,True,0,False,False,False,False,0,2,0,0,21.63,Bronze
82,Amumu,12,JUNGLE,5,8,8,8366,24,9400,False,0,False,False,False,False,0,0,1,0,18.02,Bronze
83,Ivern,11,JUNGLE,4,4,7,6984,2,8467,True,0,False,False,False,False,0,0,0,0,17.92,Bronze
84,Karthus,16,JUNGLE,15,7,19,15880,34,40542,True,0,True,False,False,False,0,1,0,0,37.21,Bronze
85,Karthus,14,JUNGLE,6,10,9,10660,20,24082,False,0,False,False,False,False,0,0,1,0,28.07,Bronze
86,Hecarim,11,JUNGLE,2,11,5,6742,15,5579,False,0,False,False,False,False,0,0,1,0,11.88,Bronze
87,Rammus,14,JUNGLE,5,5,12,9846,9,15189,True,1,False,False,False,False,0,0,0,0,18.91,Bronze
88,Karthus,18,JUNGLE,16,14,22,18421,38,58043,True,1,True,False,False,False,0,0,0,0,37.77,Bronze
89,Amumu,16,JUNGLE,6,7,13,12420,18,16574,True,2,False,False,False,False,0,1,0,0,16.9,Bronze
90,Karthus,15,JUNGLE,4,5,11,10572,18,16950,True,0,False,False,False,False,0,0,0,0,15.28,Bronze
91,Hecarim,17,JUNGLE,13,10,6,15092,25,24719,False,0,False,False,False,False,0,0,2,0,18.08,Bronze
92,Hecarim,11,JUNGLE,3,9,5,6971,20,10757,False,0,False,False,False,False,0,0,3,0,19.88,Bronze
93,Hecarim,15,JUNGLE,4,6,17,11487,35,21040,True,1,True,False,False,False,0,0,1,1,17.54,Bronze
94,Hecarim,16,JUNGLE,5,12,9,11871,46,9512,True,0,False,False,False,True,0,1,1,1,10.34,Bronze
95,Amumu,18,JUNGLE,12,15,28,17358,53,24633,False,1,False,False,False,False,0,0,2,0,14.7,Bronze
96,Morgana,14,BOTTOM,2,10,18,9032,25,12239,True,1,False,False,False,False,0,1,0,0,9.95,Bronze
97,Hecarim,18,JUNGLE,9,13,22,14328,26,30051,True,1,False,False,False,False,0,0,2,0,17.08,Bronze
98,Amumu,13,JUNGLE,9,5,14,10213,19,19532,True,1,False,False,False,False,0,0,0,0,25.92,Bronze
99,Hecarim,3,NONE,0,0,0,1120,0,0,True,0,False,False,False,False,0,0,0,0,0.0,Bronze
0,Kayle,17,TOP,3,6,9,14337,225,19016,True,0,False,False,False,True,0,1,0,2,25.52,Master
1,Graves,16,TOP,8,7,9,14699,198,23553,False,0,False,False,False,True,0,0,2,5,21.2,Master
2,Jayce,11,NONE,3,2,1,5912,97,6350,True,0,False,False,False,False,0,0,0,1,21.45,Master
3,Kayle,14,TOP,5,4,5,10086,153,9010,True,0,False,False,False,False,0,0,0,3,14.55,Master
4,Qiyana,18,MIDDLE,16,13,8,17665,184,42708,False,0,False,False,False,False,0,0,2,0,35.17,Master
5,Kennen,17,TOP,6,8,14,13721,190,30589,False,1,False,False,False,False,0,0,1,3,25.31,Master
6,Akali,17,TOP,6,8,4,12097,191,25569,True,1,False,False,False,False,0,0,0,0,21.32,Master
7,Jayce,16,TOP,9,7,9,15132,211,25335,True,0,True,False,False,False,0,2,0,1,24.88,Master
8,Jayce,18,TOP,9,6,8,20631,283,36038,False,1,False,False,False,True,0,0,3,4,32.42,Master
9,Graves,16,MIDDLE,5,8,12,13124,178,22475,True,0,False,False,False,False,0,0,0,3,22.41,Master
10,Graves,16,MIDDLE,12,3,4,15290,205,26048,True,1,False,True,False,True,0,1,0,5,30.93,Master
11,Jayce,14,MIDDLE,2,5,6,10262,169,7800,True,1,False,False,False,False,0,1,0,3,12.52,Master
12,Graves,13,MIDDLE,3,11,2,8987,141,13262,False,0,False,False,False,False,0,0,3,2,24.55,Master
13,Graves,16,TOP,8,10,10,12411,155,28773,True,1,False,False,False,False,0,1,0,3,26.35,Master
14,Kennen,15,TOP,4,5,10,10618,161,15153,True,1,False,False,False,False,0,0,0,1,14.69,Master
15,Graves,12,TOP,3,3,0,9067,152,8714,False,0,False,True,False,False,0,0,1,0,19.63,Master
16,Akali,16,TOP,5,10,6,12738,203,18731,False,0,False,False,False,False,0,0,1,1,22.47,Master
17,Graves,18,JUNGLE,12,3,6,17498,236,26539,True,1,False,False,True,False,1,1,1,5,31.25,Master
18,Irelia,13,TOP,0,9,1,8188,175,10166,False,0,False,False,False,False,0,0,1,0,19.92,Master
19,Kennen,15,TOP,1,4,1,12001,230,13875,False,0,False,False,True,False,0,0,1,5,26.2,Master
20,Kennen,16,TOP,10,3,4,12293,167,19041,True,1,False,False,False,False,0,0,0,0,20.2,Master
21,Jayce,15,TOP,1,7,2,11307,182,13545,False,0,False,False,True,False,0,0,2,2,15.18,Master
22,Jayce,3,NONE,0,0,0,981,15,926,True,0,False,False,False,False,0,0,0,0,59.7,Master
23,Xayah,10,NONE,0,5,4,5977,116,8283,False,0,False,False,False,False,0,0,2,3,24.4,Master
24,Jayce,16,TOP,4,5,1,14137,246,14680,False,0,False,False,False,False,0,0,1,3,16.08,Master
25,Jayce,18,JUNGLE,14,4,8,22399,300,51508,True,2,False,False,False,False,0,1,4,2,29.32,Master
26,Jayce,12,TOP,3,9,0,8398,114,9155,False,0,False,False,False,False,0,0,0,0,15.34,Master
27,Rengar,18,JUNGLE,11,10,1,16963,227,30776,True,1,False,False,False,False,1,1,0,4,21.32,Master
28,Irelia,17,MIDDLE,3,9,4,15688,272,20751,False,0,False,False,False,False,0,0,1,1,27.71,Master
29,Jayce,14,TOP,4,9,5,9531,168,16233,False,0,False,False,False,False,0,0,1,1,27.81,Master
30,Jayce,18,TOP,12,9,11,16194,205,33280,True,1,False,False,False,False,0,0,1,5,30.28,Master
31,Jayce,15,TOP,9,5,4,12001,142,18521,True,1,False,False,False,False,0,0,0,1,22.92,Master
32,Jayce,16,TOP,13,3,8,15497,195,31326,True,0,False,False,False,True,0,1,0,4,38.62,Master
33,Jayce,17,TOP,1,13,5,14033,203,32531,False,1,False,False,False,False,1,2,1,3,23.83,Master
34,Jayce,15,TOP,9,2,8,14381,184,23573,True,1,False,True,True,False,0,1,0,8,29.7,Master
35,Jayce,14,TOP,5,10,5,11206,162,20711,False,0,False,False,False,False,0,0,5,0,21.04,Master
36,Gwen,13,TOP,3,9,1,8406,144,18441,False,0,False,False,False,False,0,0,2,0,23.81,Master
37,Irelia,17,MIDDLE,7,7,4,16588,256,20053,False,1,False,False,False,False,0,1,1,3,19.1,Master
38,Jayce,14,JUNGLE,7,4,7,10286,131,16253,True,0,False,False,False,False,0,0,0,1,24.14,Master
39,Jayce,17,TOP,6,9,6,13259,196,21308,False,1,False,False,False,False,0,0,2,2,24.86,Master
40,Jayce,14,TOP,11,6,1,11593,143,18467,True,0,False,False,False,False,0,0,0,5,32.35,Master
41,Akali,10,TOP,2,11,4,6437,78,8496,True,0,False,False,False,False,0,0,0,3,17.46,Master
42,Aatrox,16,MIDDLE,10,10,6,14996,179,30771,False,0,False,False,False,False,0,0,1,1,19.61,Master
43,Jayce,15,TOP,7,5,7,13148,185,13913,True,1,False,False,False,False,0,2,0,3,22.4,Master
44,Jayce,12,TOP,2,6,0,7138,152,13732,False,0,False,False,False,False,0,0,0,0,27.65,Master
45,Jayce,16,TOP,8,5,6,12517,161,27152,True,1,False,False,False,False,0,0,0,4,32.29,Master
46,Irelia,13,MIDDLE,5,4,1,8717,165,12450,False,0,False,False,False,False,0,0,2,0,32.38,Master
47,Kayle,15,TOP,2,4,2,10105,218,10141,False,0,False,False,False,False,0,0,2,5,27.16,Master
48,Jayce,14,TOP,3,5,8,9279,165,19442,False,0,False,False,False,False,0,0,1,3,33.74,Master
49,Kennen,16,TOP,5,4,10,13551,193,18130,True,1,True,False,False,False,0,0,0,3,17.52,Master
50,Jayce,16,TOP,9,7,3,14671,190,25226,False,0,False,False,True,False,0,0,1,5,24.06,Master
51,Irelia,12,TOP,2,7,3,6879,138,14909,False,0,False,False,False,False,0,0,1,0,29.57,Master
52,Jayce,18,TOP,5,14,7,17072,259,43647,True,0,False,False,False,False,1,2,1,1,23.35,Master
53,Jayce,16,MIDDLE,16,5,3,17430,174,27714,True,1,False,False,False,True,1,1,0,4,30.76,Master
54,Irelia,16,TOP,5,9,2,12714,219,16785,False,0,False,False,False,False,0,0,1,2,17.31,Master
55,Jayce,16,TOP,3,4,4,11589,191,17172,True,1,False,False,False,False,0,0,0,1,24.77,Master
56,Kayle,12,TOP,0,10,1,6149,114,8032,False,0,False,False,False,False,0,0,0,0,20.84,Master
57,Singed,17,TOP,4,9,12,13378,167,22157,True,1,False,False,False,False,0,0,0,2,25.11,Master
58,Zeri,15,TOP,2,7,5,11976,205,8166,True,1,False,True,False,False,0,0,0,0,12.31,Master
59,Jayce,15,MIDDLE,15,7,9,13635,129,21991,True,1,False,False,False,False,1,1,0,0,24.91,Master
60,Irelia,10,NONE,1,6,0,5256,97,3551,False,0,False,False,False,False,0,0,0,2,16.88,Master
61,Akali,16,TOP,12,5,5,11752,161,17840,True,0,False,False,False,False,0,1,1,3,22.93,Master
62,Jayce,16,TOP,8,8,11,13709,173,23587,True,1,False,False,False,False,1,2,0,3,29.64,Master
63,Kennen,13,TOP,4,4,5,9726,140,15093,True,0,False,False,False,False,0,0,0,3,21.08,Master
64,Kayle,12,NONE,0,5,1,6022,138,4168,False,0,False,False,False,False,0,0,2,0,16.77,Master
65,Akali,16,TOP,8,11,12,13247,160,23734,True,2,True,False,False,False,0,0,0,0,20.32,Master
66,Rengar,15,JUNGLE,6,6,3,12747,179,15665,False,0,False,False,False,False,0,0,2,3,28.64,Master
67,Irelia,16,MIDDLE,4,6,6,12434,218,15568,True,1,False,False,False,False,1,2,0,0,16.9,Master
68,Irelia,18,MIDDLE,5,6,3,16351,278,14961,True,1,False,False,False,False,0,1,1,2,18.61,Master
69,Kayle,18,TOP,11,5,1,17999,275,31877,False,0,True,False,False,False,0,0,2,3,35.31,Master
70,Irelia,13,TOP,4,10,4,10039,170,15215,False,0,False,True,False,False,0,0,1,0,19.33,Master
71,Irelia,13,MIDDLE,5,7,2,9331,154,12550,False,0,True,False,False,False,0,0,1,0,19.47,Master
72,Kennen,11,NONE,2,7,1,5897,115,7926,False,0,False,False,False,False,0,0,1,0,26.69,Master
73,Rengar,11,NONE,4,2,3,7716,107,8701,True,0,False,True,False,False,0,0,0,5,20.04,Master
74,Akali,17,MIDDLE,8,3,10,12250,176,23560,True,1,False,False,False,False,0,0,0,0,30.66,Master
75,Rengar,11,NONE,2,1,1,6551,122,4099,True,0,False,False,False,True,0,0,0,1,12.68,Master
76,Jayce,14,TOP,2,5,3,10546,211,17041,False,0,False,False,False,False,0,0,1,0,25.16,Master
77,Kennen,15,TOP,5,5,4,11825,182,24722,True,1,False,False,False,False,0,0,0,2,29.5,Master
78,Kennen,13,TOP,1,5,2,7165,147,8999,False,0,False,False,False,False,0,0,0,0,21.38,Master
79,Kayle,10,NONE,0,5,0,5167,102,2945,True,0,False,False,False,False,0,0,0,0,6.77,Master
80,Irelia,15,TOP,5,4,2,10800,199,8553,True,1,False,False,False,False,1,1,0,4,13.56,Master
81,Irelia,16,TOP,7,8,5,15839,210,17727,True,1,False,False,False,False,0,1,2,5,17.39,Master
82,Jayce,11,NONE,2,2,0,5730,122,4392,False,0,False,False,False,False,0,0,0,1,19.17,Master
83,Kennen,18,MIDDLE,5,6,10,15555,239,18838,True,1,False,False,False,False,0,1,0,0,15.51,Master
84,Kennen,12,TOP,0,3,1,6321,163,7965,False,0,False,False,False,False,0,0,1,0,19.09,Master
85,Rengar,15,TOP,7,4,1,14024,210,13485,False,0,False,False,False,True,0,0,1,5,27.32,Master
86,Akali,18,TOP,14,9,13,15743,194,37785,False,0,False,False,False,False,0,0,3,0,31.92,Master
87,Irelia,18,TOP,5,9,6,17129,307,27883,True,2,False,False,False,False,1,1,3,0,21.94,Master
88,Jayce,13,TOP,5,3,2,9938,144,15841,False,0,False,False,True,False,0,0,0,5,32.06,Master
89,Irelia,15,MIDDLE,9,4,3,14149,194,28190,True,0,False,False,False,False,0,1,0,4,40.64,Master
90,Irelia,13,TOP,5,5,2,9370,163,8790,False,0,False,False,False,False,0,0,1,0,23.06,Master
91,Kennen,14,TOP,2,3,6,8477,142,10926,True,1,False,False,False,False,1,3,0,1,14.0,Master
92,Kaisa,12,JUNGLE,4,12,6,9184,145,12543,False,0,False,False,False,False,0,0,2,0,25.65,Master
93,Akali,16,TOP,13,6,14,14469,127,26827,True,1,False,False,True,False,0,2,0,5,25.58,Master
94,Kennen,17,TOP,11,7,11,14339,163,33329,True,2,False,False,False,False,0,1,0,1,25.84,Master
95,Kennen,13,TOP,5,1,4,9732,127,14408,True,0,False,False,True,False,0,0,0,7,18.47,Master
96,Irelia,15,BOTTOM,9,7,8,14898,201,18219,False,0,False,False,False,False,0,0,1,7,21.98,Master
97,Yuumi,9,BOTTOM,1,6,4,5432,4,3696,False,0,False,False,False,False,0,0,2,1,10.17,Master
0,Lux,15,TOP,4,1,13,13219,210,16688,True,1,False,False,False,False,1,1,0,2,28.15,Grandmaster
1,Jinx,18,BOTTOM,9,8,12,20905,356,30442,False,1,False,False,False,False,0,0,7,1,18.23,Grandmaster
2,Caitlyn,14,BOTTOM,6,4,8,12258,167,18655,True,1,False,False,False,True,0,1,0,5,21.53,Grandmaster
3,Draven,18,BOTTOM,10,12,15,16423,161,25041,True,2,False,False,False,False,1,2,0,2,17.46,Grandmaster
4,Varus,15,BOTTOM,4,4,7,12203,208,13068,True,1,False,False,False,False,1,1,0,0,19.2,Grandmaster
5,Xayah,16,BOTTOM,3,4,9,12718,224,22571,True,1,False,False,False,False,0,1,0,0,19.68,Grandmaster
6,KogMaw,15,BOTTOM,2,9,8,11413,205,26490,False,0,False,False,False,False,0,0,1,3,23.5,Grandmaster
7,Lux,13,NONE,3,2,1,9318,185,13876,False,0,False,False,False,False,0,0,2,3,39.42,Grandmaster
8,Lux,12,NONE,6,1,5,9161,141,15645,True,0,False,True,False,False,0,0,0,1,33.49,Grandmaster
9,Renata,11,BOTTOM,0,3,3,4957,10,7873,False,0,False,False,False,False,0,0,1,0,16.88,Grandmaster
10,Renata,13,BOTTOM,2,1,15,8591,29,7881,True,1,False,False,False,False,0,1,0,1,8.52,Grandmaster
11,Janna,10,BOTTOM,1,9,8,6236,11,2549,False,0,False,False,False,False,0,0,2,1,3.6,Grandmaster
12,Lux,11,NONE,9,1,6,9801,118,12071,True,0,False,False,False,False,0,1,0,5,25.1,Grandmaster
13,Janna,12,BOTTOM,1,2,8,6665,10,4627,False,0,False,False,False,False,0,0,2,0,6.05,Grandmaster
14,Lux,11,MIDDLE,2,5,2,7317,126,9315,False,0,False,False,False,False,0,0,1,1,21.96,Grandmaster
15,Lux,17,MIDDLE,8,8,9,16146,209,26933,False,1,False,False,False,False,0,0,1,0,20.46,Grandmaster
16,Varus,12,BOTTOM,5,6,6,9530,158,20668,False,0,False,False,False,False,0,0,3,0,33.33,Grandmaster
17,Lux,15,BOTTOM,3,7,27,12382,33,31512,True,1,False,False,False,False,0,1,1,2,25.16,Grandmaster
18,Draven,14,BOTTOM,9,2,5,12655,151,25628,True,0,False,False,False,False,2,2,0,2,31.76,Grandmaster
19,Kaisa,14,MIDDLE,4,2,7,10987,186,16213,True,1,False,False,False,False,0,1,0,3,21.34,Grandmaster
20,KogMaw,16,BOTTOM,8,7,7,14134,215,37796,True,1,False,False,False,False,2,2,0,1,27.17,Grandmaster
21,Ezreal,14,BOTTOM,1,5,9,11182,220,16024,True,0,False,False,False,False,0,0,0,2,12.79,Grandmaster
22,Kalista,17,BOTTOM,4,6,7,14269,267,11286,True,1,False,False,False,False,1,1,1,0,11.92,Grandmaster
23,Ashe,11,NONE,3,2,4,7604,137,10226,True,0,False,False,False,False,0,0,0,1,21.37,Grandmaster
24,Lux,13,MIDDLE,7,1,6,10435,152,14960,True,0,False,False,False,False,0,0,0,1,23.98,Grandmaster
25,Lux,15,BOTTOM,9,1,9,13722,189,23416,True,1,False,False,False,False,1,2,0,4,30.41,Grandmaster
26,Lux,17,MIDDLE,15,5,14,16301,180,33633,True,1,False,False,False,False,0,1,0,4,33.72,Grandmaster
27,Lux,14,BOTTOM,3,5,13,10816,171,13829,True,1,False,False,False,False,1,1,0,3,15.51,Grandmaster
28,Ziggs,14,BOTTOM,1,1,5,10180,225,11105,False,0,False,False,False,True,0,0,0,1,23.71,Grandmaster
29,Ziggs,15,BOTTOM,9,3,8,13498,214,22789,False,0,False,False,False,False,0,0,3,1,32.55,Grandmaster
30,Lux,14,MIDDLE,11,1,5,12102,180,17623,True,0,False,False,False,False,0,0,0,0,29.78,Grandmaster
31,Lux,14,MIDDLE,2,6,8,10224,177,15454,False,0,False,False,False,False,0,0,1,0,21.89,Grandmaster
32,Lux,14,MIDDLE,6,3,7,12132,184,23501,False,0,False,False,False,False,0,0,0,4,32.03,Grandmaster
33,Lux,14,MIDDLE,6,2,2,11821,190,16287,True,1,False,False,False,False,1,2,0,2,32.9,Grandmaster
34,Lux,17,MIDDLE,7,6,8,16069,261,29544,False,1,False,True,False,False,0,0,1,1,27.81,Grandmaster
35,Lux,15,MIDDLE,12,2,10,14218,155,26947,True,0,False,False,False,False,0,2,0,5,27.82,Grandmaster
36,Xerath,13,MIDDLE,3,3,3,9606,179,25480,False,0,False,False,False,False,0,0,2,0,33.62,Grandmaster
37,Lux,15,MIDDLE,8,6,3,14563,217,19735,False,0,False,False,False,False,0,0,2,0,21.62,Grandmaster
38,Ashe,17,BOTTOM,6,10,11,14388,228,25876,True,1,False,False,False,False,0,2,0,0,17.17,Grandmaster
39,Karma,10,BOTTOM,2,1,8,6970,11,7249,True,1,True,False,True,False,0,3,0,3,15.14,Grandmaster
40,Yuumi,11,BOTTOM,2,2,7,7904,3,6805,True,1,False,True,True,False,0,1,0,5,9.67,Grandmaster
41,Lulu,16,BOTTOM,0,5,24,10194,35,3102,True,2,False,False,False,False,0,2,0,2,3.4,Grandmaster
42,Janna,11,BOTTOM,1,5,14,6560,8,3560,True,0,False,False,True,False,0,1,0,1,5.3,Grandmaster
43,Lux,13,BOTTOM,4,1,17,10761,36,18081,True,1,False,True,False,False,0,2,0,3,21.86,Grandmaster
44,Janna,7,NONE,2,3,2,4095,13,3336,False,0,False,False,False,False,0,0,0,0,14.6,Grandmaster
45,Janna,10,NONE,0,1,8,5429,10,3143,True,0,False,False,True,False,0,0,0,3,9.41,Grandmaster
46,Lux,7,NONE,0,8,5,4491,5,5509,False,0,False,False,False,False,0,0,0,2,16.4,Grandmaster
47,Lux,12,BOTTOM,0,1,1,9106,211,13032,False,0,False,False,False,False,0,0,3,3,36.09,Grandmaster
48,Lux,13,BOTTOM,4,5,9,10061,137,16638,True,1,False,False,False,False,0,0,0,0,20.65,Grandmaster
49,Lux,14,MIDDLE,4,5,7,9944,167,19000,False,0,False,False,False,False,0,0,1,1,31.25,Grandmaster
50,MonkeyKing,15,TOP,5,6,8,10855,178,15296,True,1,False,False,False,False,1,1,0,1,18.56,Grandmaster
51,Trundle,18,JUNGLE,5,9,17,16092,108,26589,True,0,False,False,False,False,1,1,1,0,16.1,Grandmaster
52,Taliyah,15,JUNGLE,5,10,12,12262,40,15967,True,1,False,False,False,False,1,1,0,0,17.14,Grandmaster
53,Sejuani,13,JUNGLE,7,2,12,9781,11,16386,True,0,False,False,False,False,0,2,0,1,16.13,Grandmaster
54,Hecarim,13,JUNGLE,4,4,12,9364,21,10118,True,0,False,False,False,False,0,0,0,0,15.03,Grandmaster
55,Lux,13,BOTTOM,1,4,6,9644,195,20251,False,0,True,False,False,False,0,0,3,0,29.43,Grandmaster
56,Lux,15,MIDDLE,3,3,0,10738,215,13495,False,1,False,False,False,False,0,0,0,0,21.88,Grandmaster
57,Lux,16,MIDDLE,12,5,5,15202,200,26863,False,0,False,False,False,False,0,0,2,3,35.74,Grandmaster
58,Yasuo,15,BOTTOM,12,7,3,14454,182,20180,True,1,False,False,True,False,0,0,0,1,22.42,Grandmaster
59,Lux,18,MIDDLE,5,3,18,16111,259,28224,True,1,False,False,False,False,0,1,3,0,18.74,Grandmaster
60,Nunu,16,MIDDLE,23,9,8,15985,85,31403,True,1,True,False,False,False,0,0,2,1,36.23,Grandmaster
61,Lux,14,MIDDLE,15,8,2,12814,124,36860,False,0,False,False,True,False,0,0,2,7,43.15,Grandmaster
62,Kaisa,13,BOTTOM,4,7,8,9760,149,24923,False,0,False,False,True,False,0,0,2,3,31.63,Grandmaster
63,Jhin,15,BOTTOM,17,5,19,14907,163,35316,True,0,True,False,False,False,1,2,1,6,29.84,Grandmaster
64,Zeri,8,NONE,0,6,0,4533,111,5270,False,0,False,False,False,False,0,0,0,0,24.89,Grandmaster
65,Varus,17,BOTTOM,15,10,12,17113,182,52816,False,0,False,False,False,False,0,0,2,2,35.97,Grandmaster
66,Ashe,17,BOTTOM,11,3,13,16155,194,38197,True,2,False,False,False,False,1,1,1,4,26.85,Grandmaster
67,Ashe,14,BOTTOM,3,6,11,10644,165,16530,False,0,False,False,False,False,0,0,1,0,24.48,Grandmaster
68,Xerath,16,MIDDLE,1,3,11,12174,212,17252,True,2,False,False,False,False,0,1,0,0,18.7,Grandmaster
69,Lux,13,MIDDLE,5,4,5,9573,151,13737,True,0,False,False,False,False,0,0,0,0,21.76,Grandmaster
70,Lux,15,MIDDLE,10,2,11,13890,176,22499,True,1,False,False,True,False,0,1,0,5,32.37,Grandmaster
71,Janna,13,BOTTOM,0,2,17,7135,10,4883,True,1,False,False,False,False,0,1,0,0,6.35,Grandmaster
72,Lux,15,MIDDLE,9,8,3,13171,183,24708,False,1,False,False,False,False,0,0,2,0,27.35,Grandmaster
73,Lux,12,NONE,2,1,0,6961,159,8654,False,0,False,False,False,False,0,0,0,1,28.72,Grandmaster
74,Lux,11,MIDDLE,4,2,5,7859,115,9881,True,0,False,False,False,False,0,1,0,1,23.1,Grandmaster
75,Lux,11,BOTTOM,2,3,13,7202,13,9735,True,0,False,False,False,False,0,1,0,2,17.25,Grandmaster
76,Ezreal,8,NONE,2,5,2,5328,91,9863,False,0,False,False,False,False,0,0,0,0,41.28,Grandmaster
77,Yuumi,14,BOTTOM,5,1,26,9694,5,9492,True,1,True,False,False,False,0,0,0,1,9.94,Grandmaster
78,Lux,13,NONE,3,1,6,8238,163,12509,True,0,False,False,False,False,0,0,0,3,31.87,Grandmaster
79,Alistar,9,NONE,1,6,5,4433,57,4705,False,0,False,False,False,False,0,0,0,0,14.37,Grandmaster
80,Zyra,16,MIDDLE,5,4,11,11971,200,28557,True,2,False,False,False,False,0,1,0,1,28.32,Grandmaster
81,Janna,11,BOTTOM,2,1,18,6770,8,5089,True,0,True,False,False,False,0,2,0,1,7.54,Grandmaster
82,Janna,12,BOTTOM,0,4,6,6602,5,3057,False,1,False,False,False,False,0,0,1,0,5.17,Grandmaster
83,Janna,13,BOTTOM,1,3,19,7723,7,3787,True,1,False,False,False,False,0,2,0,1,4.41,Grandmaster
84,Lux,14,BOTTOM,5,3,9,11586,40,26904,True,2,False,False,False,True,0,1,0,6,28.08,Grandmaster
85,Lux,11,BOTTOM,7,9,7,9949,27,26613,False,0,False,False,True,False,0,0,0,8,28.15,Grandmaster
86,Yasuo,15,BOTTOM,9,8,4,14122,200,20101,True,1,False,False,False,True,1,2,0,6,18.36,Grandmaster
87,Caitlyn,10,NONE,9,0,1,8057,120,8875,True,0,False,False,False,True,0,0,0,4,25.14,Grandmaster
88,Ashe,13,MIDDLE,5,1,5,8516,156,8688,True,0,False,False,False,False,0,0,0,0,15.5,Grandmaster
