,ChampionName,ChampionLevel,Lane,Kills,Deaths,Assists,Gold_Earned,Total_Minions_Killed,Total_damages_to_champs,Win/Lose,TeamBaronKills,FirstBloodAssist,FirstBloodKill,FirstTowerAssist,FirstTowerKill,InhibitorKills,InhibitorTakedowns,InhibitorsLost,TurretPlatesTaken,TotalDamageDealtToChampions_Percentage,Date,rank
0,Syndra,17,MIDDLE,8,8,13,14247,214,28569,False,0,False,False,False,False,0,0,2,2,22.43,4/16/2022,Platinum
1,Orianna,18,MIDDLE,6,4,7,15873,254,22887,True,1,False,False,False,False,0,0,0,2,22.26,4/16/2022,Platinum
2,Leblanc,18,MIDDLE,12,3,9,14063,163,38854,False,1,False,False,False,False,0,0,5,0,21.52,4/16/2022,Platinum
3,Draven,15,MIDDLE,16,11,7,18115,207,25894,False,0,True,False,True,False,0,0,3,6,38.05,4/11/2022,Platinum
4,Samira,11,BOTTOM,10,8,3,12402,152,20808,False,0,False,False,False,False,0,0,1,2,37.86,4/11/2022,Platinum
5,Ezreal,12,BOTTOM,17,2,3,12657,143,19685,True,0,False,False,False,False,0,1,0,3,33.74,4/11/2022,Platinum
6,Evelynn,10,NONE,6,0,4,6663,8,4553,True,0,False,False,False,True,0,0,0,2,13.41,4/11/2022,Platinum
7,Xerath,14,BOTTOM,10,3,7,12605,77,32501,False,1,False,False,False,False,0,0,3,0,35.67,4/6/2022,Platinum
8,Diana,15,JUNGLE,15,0,4,13225,36,13725,True,1,False,False,False,False,0,1,0,0,24.04,4/6/2022,Platinum
9,Xerath,13,MIDDLE,4,4,6,9109,143,17449,False,0,False,False,False,False,0,0,1,0,24.4,3/30/2022,Platinum
10,Yasuo,18,TOP,12,9,13,17992,234,26318,True,2,False,True,False,False,0,1,1,0,21.01,3/29/2022,Platinum
11,Jhin,14,BOTTOM,2,6,5,11548,235,18489,False,0,True,False,False,False,0,0,2,1,20.21,3/29/2022,Platinum
12,Kennen,18,MIDDLE,7,6,3,15853,274,32693,False,0,False,False,False,False,0,0,6,0,26.29,3/29/2022,Platinum
13,Ahri,18,MIDDLE,9,8,5,15451,228,22385,False,2,False,False,False,False,0,0,2,5,18.36,3/28/2022,Platinum
14,Leblanc,17,TOP,9,3,4,14990,222,24152,False,0,False,False,False,False,0,0,2,0,23.77,3/28/2022,Platinum
15,Akshan,17,MIDDLE,8,6,6,15965,238,27325,False,0,False,False,False,False,0,0,2,4,28.5,3/28/2022,Platinum
16,Lissandra,18,MIDDLE,14,1,6,16109,254,28840,True,1,False,False,False,False,1,1,0,2,30.5,3/28/2022,Platinum
17,Illaoi,18,TOP,5,6,1,15382,319,37491,False,0,False,False,False,False,1,1,1,3,27.78,3/27/2022,Platinum
18,Vayne,18,JUNGLE,10,10,13,15869,95,41873,True,1,False,False,False,False,0,1,3,0,25.14,3/26/2022,Platinum
19,Lillia,18,JUNGLE,11,5,15,18122,107,38938,True,0,True,False,False,True,0,0,3,2,25.94,3/26/2022,Platinum
20,Xerath,14,BOTTOM,4,4,16,10908,46,21577,True,0,False,False,True,False,0,0,0,5,22.82,3/26/2022,Platinum
21,Quinn,18,MIDDLE,3,0,8,12669,264,15989,True,1,False,False,False,False,1,2,0,0,18.22,3/26/2022,Platinum
22,JarvanIV,16,JUNGLE,5,5,15,12163,21,14033,True,2,False,False,False,False,0,1,1,0,12.15,3/26/2022,Platinum
23,Zed,16,JUNGLE,6,1,4,12188,69,9430,True,1,False,True,False,False,0,0,0,0,11.93,3/25/2022,Platinum
24,Ahri,17,MIDDLE,12,3,11,15531,210,37096,True,0,False,False,False,False,0,0,0,1,35.8,3/25/2022,Platinum
25,Udyr,11,JUNGLE,1,5,5,6384,19,2431,False,0,False,False,False,False,0,0,1,0,4.84,3/25/2022,Platinum
26,Senna,14,BOTTOM,6,4,10,9660,29,12029,False,0,False,False,True,False,0,0,2,2,14.06,3/25/2022,Platinum
27,Fiora,18,MIDDLE,9,4,8,18317,247,32801,True,1,False,False,False,False,0,0,1,0,23.65,3/25/2022,Platinum
28,Ryze,16,MIDDLE,3,3,3,11849,262,10600,False,0,False,False,True,False,0,0,2,3,20.61,3/25/2022,Platinum
29,Leblanc,15,MIDDLE,6,1,4,10146,163,15453,True,0,False,False,False,False,0,0,0,1,27.98,3/25/2022,Platinum
30,Kassadin,15,MIDDLE,6,3,5,12063,187,9351,True,1,True,False,False,False,0,1,0,2,10.02,3/25/2022,Platinum
31,Vi,14,JUNGLE,1,5,5,9991,26,7055,False,0,False,False,False,False,0,0,1,3,9.51,3/25/2022,Platinum
32,LeeSin,18,JUNGLE,8,6,13,15029,50,17914,False,1,False,False,False,False,0,2,2,0,11.63,3/25/2022,Platinum
33,Malzahar,18,MIDDLE,3,4,12,14237,284,23746,False,0,False,False,False,False,1,1,2,1,21.75,3/24/2022,Platinum
34,Corki,18,MIDDLE,12,4,7,22220,335,50017,True,0,False,False,False,False,0,0,5,0,34.54,3/24/2022,Platinum
35,Diana,17,MIDDLE,12,6,16,14957,203,36075,True,1,False,False,False,False,0,1,0,1,32.51,3/24/2022,Platinum
36,Ahri,16,MIDDLE,12,0,5,13411,203,20829,True,1,True,False,True,False,0,1,0,5,28.03,3/24/2022,Platinum
37,Viktor,16,MIDDLE,16,2,6,16729,210,41121,True,1,True,False,False,False,0,1,0,5,45.51,3/23/2022,Platinum
38,Orianna,18,MIDDLE,12,2,14,15146,226,23701,True,1,False,False,False,False,0,1,0,0,21.24,3/23/2022,Platinum
39,Kennen,16,TOP,7,8,3,13196,201,20385,False,0,False,False,False,False,0,0,1,5,22.89,3/23/2022,Platinum
40,Nocturne,14,JUNGLE,10,3,2,11401,9,6457,True,1,False,False,False,False,0,1,0,0,9.84,3/23/2022,Platinum
41,Leblanc,15,MIDDLE,14,8,8,14595,133,27844,False,1,False,True,False,False,0,0,2,0,24.56,3/23/2022,Platinum
42,Kindred,15,JUNGLE,6,2,6,11740,43,12596,False,0,False,True,False,False,0,0,2,4,18.95,3/23/2022,Platinum
43,Twitch,14,BOTTOM,4,7,9,10487,168,18860,False,0,True,False,False,False,0,0,1,0,26.78,3/23/2022,Platinum
44,Jinx,15,BOTTOM,11,8,4,16701,218,25912,False,0,False,True,False,False,0,0,1,2,24.06,3/22/2022,Platinum
45,Leblanc,16,MIDDLE,12,3,8,14622,198,35253,True,0,False,False,False,False,2,2,0,3,32.05,3/16/2022,Platinum
46,Camille,15,TOP,5,6,2,10577,190,14496,False,0,False,False,False,False,0,0,1,0,28.19,3/16/2022,Platinum
47,Azir,17,MIDDLE,12,3,7,15478,214,22014,True,2,False,False,False,False,0,0,0,1,23.44,3/15/2022,Platinum
48,Sett,13,TOP,1,5,3,6813,129,7644,False,0,False,False,False,False,0,0,1,0,15.58,3/15/2022,Platinum
49,Lucian,15,MIDDLE,12,1,7,14269,219,20548,True,0,False,False,True,False,1,1,0,5,24.94,3/15/2022,Platinum
50,Zeri,17,BOTTOM,14,1,15,18432,248,30379,True,1,False,False,False,False,1,1,0,0,29.83,3/15/2022,Platinum
51,Fiora,14,TOP,4,3,5,9289,130,9632,True,0,False,False,False,False,0,1,0,3,13.7,3/15/2022,Platinum
52,Illaoi,18,TOP,5,9,0,18122,337,31715,False,0,False,False,False,True,4,4,1,5,27.8,3/15/2022,Platinum
53,Alistar,12,BOTTOM,2,6,23,7851,27,9187,True,0,False,False,False,False,0,1,0,1,10.91,3/14/2022,Platinum
54,Jhin,14,BOTTOM,6,6,8,10987,182,14046,True,0,False,False,False,False,0,2,0,0,13.36,3/14/2022,Platinum
55,Pantheon,15,BOTTOM,13,8,14,11667,38,19765,True,1,True,False,False,False,0,1,0,1,14.66,3/14/2022,Platinum
56,Lissandra,17,MIDDLE,7,5,8,13088,200,24661,False,1,False,False,False,False,0,0,2,3,21.64,3/14/2022,Platinum
57,Caitlyn,17,BOTTOM,11,11,7,19439,224,27362,False,3,False,False,False,True,0,0,2,2,22.59,3/14/2022,Platinum
0,Jinx,17,BOTTOM,12,10,7,17740,213,31502,False,0,False,True,False,False,0,0,2,2,24.74,4/16/2022,Gold
1,Jinx,17,BOTTOM,11,9,12,18888,276,33718,True,1,True,False,False,False,0,0,0,1,32.79,4/16/2022,Gold
2,Leona,17,BOTTOM,6,2,18,11054,46,9135,False,1,False,False,False,False,0,0,5,0,5.06,4/16/2022,Gold
3,Zilean,14,BOTTOM,1,9,19,8113,51,15666,False,0,False,False,False,False,0,0,3,0,16.77,4/16/2022,Gold
4,Leona,11,NONE,4,0,19,7537,30,6291,True,0,False,False,False,False,0,1,0,6,10.19,4/16/2022,Gold
5,Ornn,11,NONE,1,7,2,5556,115,9769,False,0,False,False,False,False,0,0,3,1,28.31,4/16/2022,Gold
6,Gnar,18,JUNGLE,15,10,14,22573,290,58706,False,1,False,False,False,True,0,0,7,0,29.26,4/16/2022,Gold
7,Rumble,18,TOP,12,7,13,18803,224,49646,True,2,False,False,False,False,0,0,1,2,28.52,4/15/2022,Gold
8,LeeSin,16,JUNGLE,3,5,4,12147,78,10534,False,0,False,True,False,False,0,0,3,0,13.81,4/14/2022,Gold
9,Ezreal,14,BOTTOM,0,8,3,10946,236,16264,False,0,False,False,False,False,0,0,2,0,17.98,4/14/2022,Gold
10,Jinx,18,BOTTOM,10,7,9,18881,269,33031,False,1,False,False,False,False,1,1,1,4,26.92,4/14/2022,Gold
11,Gnar,14,MIDDLE,2,9,5,9118,164,12619,False,0,False,False,False,False,0,0,3,2,18.54,4/11/2022,Gold
12,LeeSin,13,TOP,0,5,5,6964,130,6190,False,0,False,False,False,False,0,0,1,0,11.26,4/11/2022,Gold
13,Gnar,13,TOP,1,4,2,7115,137,12603,True,0,False,False,False,False,0,0,0,0,21.6,4/11/2022,Gold
14,Gnar,11,NONE,3,0,7,7289,88,7888,True,0,False,False,False,False,0,0,0,5,23.24,4/11/2022,Gold
15,Gnar,18,TOP,10,7,10,18992,244,41114,False,1,False,True,False,True,1,1,2,4,34.79,4/9/2022,Gold
16,Sett,14,TOP,5,7,9,12269,132,15749,True,1,False,False,False,False,0,2,0,5,19.07,4/9/2022,Gold
17,Chogath,17,TOP,9,10,8,15304,186,31230,False,0,False,False,False,False,0,0,4,0,30.54,4/9/2022,Gold
18,Jinx,17,BOTTOM,9,9,8,18049,260,32766,False,1,False,False,False,False,0,0,1,3,27.9,4/9/2022,Gold
19,Ashe,16,BOTTOM,5,8,11,11941,206,22582,False,1,False,False,False,False,0,0,3,0,24.78,4/6/2022,Gold
20,Jinx,13,BOTTOM,11,4,10,12665,176,21501,True,1,True,False,False,True,1,1,0,5,37.66,4/6/2022,Gold
21,Tristana,12,NONE,13,2,7,10793,99,26252,True,0,False,False,False,True,0,1,0,8,31.69,4/6/2022,Gold
22,Lulu,10,BOTTOM,2,11,9,5938,31,5143,False,0,False,False,False,False,0,0,1,0,7.19,3/30/2022,Gold
23,Soraka,15,BOTTOM,4,6,26,11742,34,10490,True,2,False,False,True,False,0,2,1,3,8.37,3/29/2022,Gold
24,Nautilus,12,BOTTOM,2,10,4,7212,37,7767,False,0,True,False,False,False,0,0,2,0,8.49,3/29/2022,Gold
25,Ashe,18,BOTTOM,16,8,9,19804,286,46506,False,0,False,False,False,False,0,0,6,2,37.4,3/29/2022,Gold
26,Xayah,18,BOTTOM,15,10,10,21584,285,41334,False,2,False,False,False,False,0,0,2,1,33.9,3/28/2022,Gold
27,LeeSin,16,JUNGLE,3,5,7,12412,51,16356,False,0,False,False,True,False,0,0,2,1,16.09,3/28/2022,Gold
28,Veigar,18,MIDDLE,12,9,14,17587,222,41848,False,1,True,False,False,False,1,3,1,0,28.47,3/28/2022,Gold
29,LeeSin,15,JUNGLE,5,9,8,11821,28,16367,False,0,False,False,False,False,0,0,2,1,17.07,3/28/2022,Gold
30,LeeSin,16,JUNGLE,7,6,12,12535,29,17232,True,1,True,False,False,False,0,1,0,0,18.22,3/28/2022,Gold
31,Tristana,16,BOTTOM,7,14,4,13954,202,22332,False,0,False,False,False,False,0,0,1,3,16.55,3/27/2022,Gold
32,Tristana,18,BOTTOM,20,6,11,22575,267,69292,True,1,False,False,False,False,0,1,3,3,41.61,3/26/2022,Gold
33,Tristana,18,JUNGLE,22,6,8,22030,255,51392,True,0,True,False,True,False,0,1,3,4,34.24,3/26/2022,Gold
34,Tristana,16,BOTTOM,20,3,9,17450,185,37319,True,0,False,False,True,False,2,2,0,5,39.47,3/26/2022,Gold
35,Tristana,16,BOTTOM,12,1,9,15166,223,35035,True,1,False,False,True,False,1,1,0,3,39.92,3/26/2022,Gold
36,Tristana,17,BOTTOM,15,2,8,18010,224,44128,True,2,False,True,False,False,0,1,1,4,38.2,3/26/2022,Gold
37,Vayne,15,BOTTOM,13,1,5,15500,197,22596,True,1,False,False,False,False,1,2,0,4,28.59,3/25/2022,Gold
38,Yasuo,16,BOTTOM,9,7,9,15360,239,21024,True,0,False,False,False,False,1,1,0,5,20.29,3/25/2022,Gold
39,Ezreal,11,BOTTOM,3,10,3,7887,128,16768,False,0,False,False,False,False,0,0,1,1,33.4,3/25/2022,Gold
40,Kaisa,15,BOTTOM,3,7,9,11877,231,18385,False,0,False,False,False,False,0,0,2,2,21.49,3/25/2022,Gold
41,Jinx,18,BOTTOM,17,6,12,21239,303,54498,True,1,False,False,False,True,2,4,1,3,39.29,3/25/2022,Gold
42,Vayne,13,BOTTOM,5,7,4,12045,227,12382,False,0,False,True,False,False,0,0,2,0,24.08,3/25/2022,Gold
43,Lucian,13,BOTTOM,7,2,3,11622,199,15373,True,0,False,False,True,False,0,0,0,6,27.83,3/25/2022,Gold
44,Jinx,15,BOTTOM,21,6,12,17580,235,43403,True,1,True,False,False,True,0,1,0,4,46.49,3/25/2022,Gold
45,Vayne,15,BOTTOM,5,6,3,13418,258,20361,False,0,False,False,False,False,0,0,1,4,27.46,3/25/2022,Gold
46,Viktor,17,MIDDLE,10,11,17,15345,201,62550,False,1,False,False,False,False,0,1,2,3,40.6,3/25/2022,Gold
47,Jinx,16,BOTTOM,12,5,12,16218,238,36995,False,0,False,False,True,False,0,1,2,1,33.88,3/24/2022,Gold
48,Jinx,18,BOTTOM,11,6,10,17774,304,44657,True,0,False,False,False,False,1,1,5,0,30.83,3/24/2022,Gold
49,Jhin,16,BOTTOM,7,3,16,13187,214,25630,True,1,False,False,False,False,0,2,0,0,23.1,3/24/2022,Gold
50,Ezreal,15,BOTTOM,9,3,6,13556,219,23684,True,1,False,True,False,False,1,1,0,1,31.88,3/24/2022,Gold
51,Kaisa,15,BOTTOM,10,4,6,13322,204,19476,True,1,False,True,False,False,1,1,0,1,21.56,3/23/2022,Gold
52,Trundle,17,JUNGLE,12,3,13,14643,42,28943,True,1,False,False,False,False,0,0,0,0,25.93,3/23/2022,Gold
53,LeeSin,15,JUNGLE,2,6,15,11222,30,13376,False,0,False,False,True,False,0,0,1,4,15.02,3/23/2022,Gold
54,Viktor,16,MIDDLE,7,5,8,13215,202,20721,True,1,False,False,False,False,0,0,0,3,31.57,3/23/2022,Gold
55,Ezreal,15,BOTTOM,6,9,12,14693,210,36559,False,1,True,False,False,True,0,0,2,4,32.24,3/23/2022,Gold
56,Kennen,14,TOP,5,8,4,10495,157,14418,False,0,True,False,False,False,0,0,2,3,21.7,3/23/2022,Gold
57,LeeSin,13,JUNGLE,3,11,6,8948,26,11805,False,0,False,False,False,False,0,0,1,0,16.76,3/23/2022,Gold
58,LeeSin,15,JUNGLE,0,11,13,10755,49,13442,False,0,True,False,False,False,0,0,1,0,12.48,3/22/2022,Gold
59,Ezreal,13,BOTTOM,6,1,1,11514,214,18753,True,1,False,True,False,False,1,1,0,0,41.83,3/22/2022,Gold
60,Jinx,14,BOTTOM,3,9,3,11792,223,13375,False,0,False,False,False,True,0,0,2,5,15.36,3/21/2022,Gold
61,LeeSin,12,JUNGLE,6,6,2,9219,51,7354,False,0,False,True,False,False,0,0,3,0,10.92,3/21/2022,Gold
62,LeeSin,11,JUNGLE,3,10,2,7058,19,9546,False,0,False,False,False,False,0,0,2,0,19.08,3/21/2022,Gold
0,Lucian,15,TOP,11,3,3,14466,201,21242,True,1,False,False,False,False,0,0,0,5,32.07,4/16/2022,Challenger
1,Lucian,13,NONE,6,2,1,8631,148,12083,False,0,False,False,False,False,0,0,0,0,33.49,4/15/2022,Challenger
2,Graves,8,NONE,0,2,0,4292,88,3541,False,0,False,False,False,False,0,0,1,4,34.75,4/15/2022,Challenger
3,Gangplank,14,TOP,4,5,2,11140,185,13220,False,0,False,False,False,False,0,0,0,5,32.6,4/15/2022,Challenger
4,Ryze,12,MIDDLE,0,6,4,6397,150,11391,False,0,False,False,False,False,0,0,2,0,30.77,4/15/2022,Challenger
5,Jayce,13,NONE,10,3,1,11248,155,13617,True,0,False,True,False,True,0,0,0,5,26.34,4/14/2022,Challenger
6,Gangplank,11,NONE,2,1,2,7979,126,8840,True,0,False,False,False,True,0,0,0,6,21.39,4/14/2022,Challenger
7,Jayce,17,TOP,9,8,6,16808,243,38585,False,0,False,True,True,False,1,1,3,4,35.84,4/13/2022,Challenger
8,Jayce,17,TOP,7,3,4,15876,272,26986,False,0,False,False,False,False,0,0,3,2,34.35,4/13/2022,Challenger
9,Ryze,13,NONE,7,1,6,9280,149,10080,True,0,True,False,False,False,0,0,0,2,26.56,4/13/2022,Challenger
10,Urgot,18,TOP,10,3,7,21048,308,31045,True,2,False,False,False,False,3,4,1,6,32.28,4/12/2022,Challenger
11,Sion,16,TOP,2,7,10,11459,218,11380,True,1,False,False,False,False,0,1,0,2,10.86,4/12/2022,Challenger
12,Ornn,18,TOP,5,8,12,14547,243,28447,True,1,False,False,False,False,0,1,2,0,19.36,4/12/2022,Challenger
13,Jayce,18,TOP,11,5,6,19358,289,44076,False,2,False,False,True,False,0,0,1,5,36.26,4/12/2022,Challenger
14,Urgot,17,JUNGLE,18,5,8,20157,206,32626,True,2,False,False,False,True,2,2,0,8,30.15,4/10/2022,Challenger
15,Renekton,18,TOP,5,9,12,17512,264,33194,True,1,False,False,False,True,0,0,0,5,20.85,4/10/2022,Challenger
16,Jayce,15,MIDDLE,4,9,4,11475,191,19166,False,0,False,False,False,False,0,0,3,2,35.65,4/9/2022,Challenger
17,Graves,17,MIDDLE,9,5,6,16002,227,28725,True,1,False,False,False,False,0,1,0,2,39.34,4/9/2022,Challenger
18,Gangplank,17,TOP,4,6,5,14861,236,20854,True,1,False,False,False,False,0,0,0,4,27.93,4/9/2022,Challenger
19,Gangplank,13,NONE,2,2,6,8255,126,10897,True,0,False,False,False,False,1,1,0,1,19.13,4/8/2022,Challenger
20,Jayce,18,JUNGLE,8,6,9,19917,263,34611,True,2,False,False,False,False,0,1,1,6,26.18,4/8/2022,Challenger
21,Jayce,14,MIDDLE,6,3,6,13119,179,24432,True,1,False,False,False,False,0,1,0,3,32.46,4/8/2022,Challenger
22,Camille,15,TOP,14,1,6,13342,166,23191,True,0,False,False,False,True,0,0,0,5,37.42,4/8/2022,Challenger
23,Galio,13,MIDDLE,6,7,7,9327,143,13903,False,0,False,False,False,False,0,0,2,0,30.62,4/7/2022,Challenger
24,Jayce,11,NONE,1,6,0,6531,140,8820,False,0,False,False,False,False,0,0,1,1,29.81,4/7/2022,Challenger
25,Jax,14,JUNGLE,6,6,2,9912,188,21307,False,0,False,False,False,False,0,0,1,1,31.02,4/7/2022,Challenger
26,Jayce,12,NONE,4,3,1,7271,120,9216,True,0,False,False,False,False,0,0,0,4,28.07,4/7/2022,Challenger
27,Camille,13,NONE,5,0,0,9285,170,10817,True,0,False,False,False,False,0,0,0,4,27.39,4/7/2022,Challenger
28,Lucian,13,MIDDLE,3,7,1,8790,179,11947,False,0,False,False,False,False,0,0,1,3,18.74,4/7/2022,Challenger
29,Ryze,18,TOP,10,6,12,16627,237,31099,True,1,False,False,False,False,0,1,1,2,27.01,4/7/2022,Challenger
30,Jayce,15,TOP,10,4,11,13794,172,24315,True,1,True,False,False,False,0,1,0,4,30.0,4/7/2022,Challenger
31,Aatrox,16,MIDDLE,6,7,2,12000,196,20185,False,0,False,False,False,False,0,0,2,0,28.81,4/7/2022,Challenger
32,Gangplank,11,NONE,2,4,0,6688,119,11313,False,0,False,False,False,False,0,0,0,3,28.77,4/7/2022,Challenger
33,Jayce,16,TOP,4,8,7,13332,250,25535,False,0,False,False,True,False,0,0,2,5,25.97,4/7/2022,Challenger
34,Gangplank,17,TOP,4,8,7,14725,257,32661,False,0,False,False,False,False,0,0,1,2,31.45,4/6/2022,Challenger
35,Gangplank,13,NONE,3,1,5,9383,165,14512,True,0,False,False,False,False,0,0,0,3,22.52,4/6/2022,Challenger
36,Jayce,3,NONE,0,0,0,1043,18,755,False,0,False,False,False,False,0,0,0,0,46.26,4/6/2022,Challenger
37,Jayce,18,TOP,6,10,6,15391,259,30789,False,1,False,False,False,False,0,0,2,3,31.72,4/6/2022,Challenger
38,Rumble,14,TOP,5,7,7,9909,155,17416,False,0,False,False,False,False,0,0,1,2,22.64,4/2/2022,Challenger
39,Kaisa,17,BOTTOM,17,2,6,17300,242,33304,True,1,True,False,False,False,1,2,0,3,31.75,3/31/2022,Challenger
40,Jax,12,TOP,0,4,0,6607,152,10344,False,0,False,False,False,False,0,0,1,2,25.1,3/31/2022,Challenger
41,Trundle,12,NONE,3,2,7,8909,138,9418,True,0,False,False,False,True,0,0,0,5,27.18,3/28/2022,Challenger
42,Mordekaiser,16,TOP,6,5,4,12056,197,18979,False,0,False,False,False,False,0,0,1,2,25.86,3/27/2022,Challenger
43,Lucian,14,BOTTOM,8,7,16,13250,180,21182,True,1,False,False,False,False,0,1,0,1,23.1,3/27/2022,Challenger
44,Darius,12,NONE,2,1,1,7775,170,4565,True,0,False,False,False,False,0,1,0,1,9.54,3/27/2022,Challenger
45,Gangplank,18,TOP,5,4,13,18369,287,26270,True,1,False,False,False,True,1,2,0,5,24.78,3/22/2022,Challenger
46,Graves,16,JUNGLE,11,2,11,15875,214,35792,True,1,False,True,False,True,1,1,0,5,34.9,3/22/2022,Challenger
47,Viego,13,JUNGLE,5,10,5,10205,6,16082,False,0,False,False,False,False,0,0,1,0,19.59,3/21/2022,Challenger
48,Jayce,11,NONE,6,0,2,8151,138,10326,True,0,False,False,False,True,0,1,0,5,28.37,3/21/2022,Challenger
49,Renekton,17,TOP,15,3,15,20550,238,39231,True,0,False,False,False,True,0,1,0,7,36.53,3/21/2022,Challenger
50,Jayce,14,TOP,8,6,1,11985,179,16357,False,0,False,False,False,True,0,0,0,5,38.25,3/21/2022,Challenger
51,Yorick,12,NONE,3,1,1,9071,144,6916,True,0,False,False,False,True,1,1,0,5,17.91,3/21/2022,Challenger
52,Graves,12,NONE,3,4,2,6493,122,7220,True,0,False,False,False,False,0,0,0,1,22.37,3/20/2022,Challenger
53,Jayce,17,TOP,12,7,10,14845,215,35204,True,0,True,False,False,False,0,1,0,2,38.43,3/20/2022,Challenger
54,Kaisa,15,BOTTOM,5,5,4,11109,194,10340,True,1,False,False,False,False,0,1,0,1,12.8,3/20/2022,Challenger
55,Graves,13,NONE,5,0,5,10835,180,10751,True,0,False,True,False,False,1,1,0,4,34.44,3/20/2022,Challenger
56,Garen,16,MIDDLE,5,2,2,15563,244,10972,True,1,False,False,False,False,4,4,0,5,21.69,3/20/2022,Challenger
57,Lucian,13,TOP,4,8,8,10277,187,15682,False,0,False,False,False,False,0,0,0,4,24.12,3/20/2022,Challenger
58,Jax,16,TOP,9,4,3,12679,171,23226,True,1,False,False,False,False,1,1,0,3,34.51,3/20/2022,Challenger
59,Graves,18,TOP,7,7,9,16916,265,35990,True,2,False,False,True,False,0,0,0,5,28.05,3/18/2022,Challenger
60,Jax,17,TOP,14,2,10,17958,223,29688,True,1,False,False,True,False,1,1,0,10,36.43,3/16/2022,Challenger
61,Zyra,11,BOTTOM,6,2,9,7920,27,17028,True,0,False,False,True,False,0,0,0,2,29.69,3/14/2022,Challenger
62,Kaisa,14,MIDDLE,7,3,4,10653,162,14340,True,0,False,False,False,False,0,1,0,3,19.86,3/13/2022,Challenger
63,Graves,12,NONE,5,4,5,8173,131,11508,True,0,False,True,False,False,0,0,0,4,27.4,3/13/2022,Challenger
64,Lucian,18,MIDDLE,9,9,5,15975,239,30981,False,1,False,False,False,False,0,0,1,0,23.08,3/13/2022,Challenger
65,Galio,14,MIDDLE,4,2,10,10435,169,9998,True,1,True,False,False,False,0,2,0,5,18.87,3/13/2022,Challenger
66,Lucian,15,TOP,6,5,3,11314,187,19939,True,1,False,False,False,True,0,0,0,2,33.68,3/13/2022,Challenger
67,Rengar,13,TOP,2,8,3,8352,141,7824,False,0,False,False,False,False,0,0,2,1,13.42,3/13/2022,Challenger
68,Ryze,15,TOP,10,3,3,11919,177,18560,True,0,False,False,True,False,0,0,0,2,24.94,3/12/2022,Challenger
69,Lucian,17,MIDDLE,13,8,5,15856,232,27719,True,1,True,False,False,False,0,1,0,1,29.69,3/12/2022,Challenger
70,Gnar,13,TOP,10,13,1,10211,121,16964,False,0,False,False,False,False,0,0,0,0,27.87,3/11/2022,Challenger
71,Jayce,18,TOP,7,7,4,16326,267,27988,False,0,False,False,False,False,0,0,2,3,38.8,3/11/2022,Challenger
72,Jayce,12,NONE,7,0,1,8737,147,10898,True,0,False,True,False,False,0,0,0,4,32.19,3/11/2022,Challenger
73,Jayce,15,TOP,6,6,7,13222,194,24246,True,1,False,False,False,False,1,1,0,3,33.42,3/11/2022,Challenger
74,Graves,14,TOP,6,2,3,10802,196,13349,True,0,False,False,False,False,0,0,0,4,22.72,3/11/2022,Challenger
75,Mordekaiser,13,TOP,5,4,2,9692,158,18219,False,0,False,False,False,True,0,0,0,5,34.07,3/11/2022,Challenger
76,Graves,15,TOP,7,3,5,11308,186,17113,True,0,False,False,False,False,0,0,0,3,27.23,3/11/2022,Challenger
77,Lucian,13,TOP,4,1,2,8633,158,13678,False,0,False,False,False,False,0,0,0,3,27.73,3/11/2022,Challenger
78,Darius,15,MIDDLE,11,4,4,11993,164,25802,True,0,False,True,False,False,0,0,0,1,34.34,3/11/2022,Challenger
79,Gangplank,15,TOP,2,4,4,11566,187,9502,True,1,False,False,False,False,0,1,0,4,18.29,3/10/2022,Challenger
80,Kennen,16,TOP,4,6,6,12258,222,23237,False,0,True,False,False,False,0,0,0,2,33.09,3/10/2022,Challenger
81,Tryndamere,18,MIDDLE,12,10,7,18889,289,32714,False,2,False,True,False,False,0,0,1,1,29.74,3/10/2022,Challenger
82,Graves,18,TOP,3,12,5,13643,237,17852,True,2,False,False,False,False,0,0,0,0,17.56,3/10/2022,Challenger
83,Trundle,13,NONE,5,0,1,9674,179,8088,True,0,False,False,False,False,1,1,0,2,21.32,3/9/2022,Challenger
84,Graves,18,JUNGLE,9,8,13,18690,298,41319,False,1,False,False,False,False,0,0,2,4,36.81,3/8/2022,Challenger
85,Hecarim,16,JUNGLE,7,3,7,14239,53,29722,False,0,False,False,False,False,0,0,1,0,38.01,3/8/2022,Challenger
86,Urgot,11,NONE,4,1,4,6759,103,4180,True,0,False,False,False,False,0,0,0,3,12.22,3/8/2022,Challenger
87,Gragas,15,TOP,3,3,7,9664,169,17191,True,1,False,False,False,False,0,0,0,1,26.52,3/8/2022,Challenger
88,Trundle,15,TOP,2,4,6,9137,174,13377,True,1,False,False,False,False,0,0,0,0,22.86,3/8/2022,Challenger
89,Jhin,10,NONE,4,6,3,7602,140,7877,False,0,False,False,False,False,0,0,1,2,19.53,3/6/2022,Challenger
90,Gragas,13,TOP,2,5,1,7158,153,12486,False,0,False,False,False,False,0,0,2,0,35.52,3/5/2022,Challenger
91,Gragas,13,TOP,1,11,11,8483,152,22218,False,0,False,False,False,False,0,0,2,1,24.24,3/4/2022,Challenger
92,Jayce,14,MIDDLE,1,6,0,9059,198,12807,False,0,False,False,False,False,0,0,2,1,25.46,3/3/2022,Challenger
93,LeeSin,16,JUNGLE,21,1,13,17055,71,36877,True,1,False,False,False,False,0,2,0,0,44.23,3/1/2022,Challenger
94,Sett,16,TOP,10,8,4,15245,194,21945,True,1,False,False,False,True,1,1,0,5,22.52,2/26/2022,Challenger
0,Samira,16,BOTTOM,7,6,4,12511,141,19667,True,1,False,False,False,False,0,0,0,0,12.31,4/16/2022,Iron
1,Leblanc,16,BOTTOM,8,6,9,12413,100,25147,True,1,False,False,False,False,0,2,0,3,19.83,4/16/2022,Iron
2,Janna,14,BOTTOM,2,6,13,7201,8,5553,False,0,False,False,False,False,0,0,5,0,7.57,4/15/2022,Iron
3,Lulu,9,NONE,0,0,5,3500,2,1663,False,0,False,False,False,False,0,0,0,0,9.07,4/15/2022,Iron
4,LeeSin,18,JUNGLE,4,6,8,13424,70,17307,False,0,False,False,False,False,0,0,1,0,17.11,4/15/2022,Iron
5,Samira,12,BOTTOM,0,8,4,7749,134,5535,False,0,False,False,False,False,0,0,0,1,8.13,4/15/2022,Iron
6,Katarina,13,MIDDLE,3,7,1,8146,106,10635,False,0,False,False,False,False,0,0,0,1,15.67,4/14/2022,Iron
7,Janna,16,BOTTOM,1,8,9,11315,29,5326,True,2,False,False,True,False,0,1,4,5,3.92,4/14/2022,Iron
8,Twitch,6,NONE,0,0,1,3683,47,704,False,0,False,False,False,False,0,0,0,0,4.15,4/14/2022,Iron
9,LeeSin,15,JUNGLE,5,6,1,11606,74,10752,False,0,False,False,False,False,0,0,3,0,12.35,4/14/2022,Iron
10,Ashe,10,BOTTOM,2,6,5,5547,74,5280,False,0,False,False,False,False,0,0,2,0,12.84,4/14/2022,Iron
11,Caitlyn,18,BOTTOM,18,6,14,24096,348,33575,False,0,False,True,False,False,0,0,5,0,18.54,4/14/2022,Iron
12,Samira,14,BOTTOM,5,3,7,10642,152,17279,True,1,False,False,False,False,1,1,0,2,26.36,4/14/2022,Iron
13,Samira,18,BOTTOM,12,12,8,17423,215,30181,False,1,False,False,False,False,0,0,4,2,27.22,4/13/2022,Iron
14,LeeSin,11,JUNGLE,0,7,1,5690,27,5662,False,0,False,False,False,False,0,0,2,0,20.12,4/13/2022,Iron
15,Samira,7,NONE,0,3,1,3486,51,1667,True,0,False,False,False,False,0,0,0,1,6.95,4/13/2022,Iron
16,Samira,11,BOTTOM,4,4,3,7569,117,9064,False,0,False,False,False,False,0,0,0,0,21.17,4/13/2022,Iron
17,LeeSin,17,JUNGLE,1,7,5,11973,79,9780,False,0,False,False,False,False,0,0,4,0,10.23,4/13/2022,Iron
18,LeeSin,10,NONE,2,7,0,5310,16,4251,False,0,False,False,False,False,0,0,3,0,14.09,4/12/2022,Iron
19,LeeSin,12,JUNGLE,3,2,1,7635,16,4687,False,0,False,False,False,False,0,0,0,0,15.35,4/12/2022,Iron
20,LeeSin,11,JUNGLE,4,6,0,7527,9,9061,False,0,False,False,False,False,0,0,0,0,27.85,4/12/2022,Iron
21,LeeSin,10,NONE,4,7,1,6601,6,6756,False,0,False,False,False,False,0,0,0,0,21.2,4/12/2022,Iron
22,Graves,9,JUNGLE,0,0,0,6262,97,857,True,0,False,False,False,False,0,0,0,2,1.69,4/12/2022,Iron
23,Zeri,12,BOTTOM,2,10,3,8818,146,6775,False,0,False,False,False,False,0,0,2,1,10.2,4/12/2022,Iron
24,Jinx,14,BOTTOM,7,10,3,11686,124,17509,False,0,False,False,False,False,0,0,3,1,22.46,4/10/2022,Iron
25,Samira,18,BOTTOM,26,7,10,27574,323,77636,False,1,False,True,False,False,0,0,4,0,47.93,4/10/2022,Iron
26,Samira,15,BOTTOM,11,12,10,13538,144,23721,False,0,False,False,False,False,0,1,1,1,25.73,4/9/2022,Iron
27,Samira,14,BOTTOM,10,7,1,13062,217,22912,False,0,False,True,False,False,1,1,1,1,26.88,4/9/2022,Iron
28,Yuumi,8,BOTTOM,0,4,2,4350,2,2886,False,0,False,False,False,False,0,0,0,1,10.35,4/9/2022,Iron
29,Samira,10,NONE,3,5,1,6718,98,6515,False,0,False,False,False,False,0,0,2,2,24.96,4/8/2022,Iron
30,Samira,10,BOTTOM,2,1,0,7813,170,5396,False,0,False,False,False,False,0,0,0,0,12.15,4/8/2022,Iron
31,Jinx,10,BOTTOM,3,6,3,6422,79,8663,False,0,False,False,False,False,0,0,3,0,20.63,4/8/2022,Iron
32,Nidalee,10,JUNGLE,1,6,3,6054,4,5856,False,0,False,False,False,False,0,0,1,0,11.69,4/7/2022,Iron
33,Nidalee,18,JUNGLE,11,10,12,15642,38,32587,False,1,False,False,False,False,0,0,6,0,24.68,4/7/2022,Iron
34,Nidalee,18,JUNGLE,7,7,3,17162,44,17506,False,2,False,False,False,False,0,0,5,2,10.89,4/6/2022,Iron
35,Jinx,7,NONE,0,2,1,3487,40,2350,False,0,False,False,False,False,0,0,0,1,13.25,4/4/2022,Iron
36,Azir,11,NONE,2,1,1,5338,79,3372,True,0,False,False,False,False,0,0,0,1,7.03,4/4/2022,Iron
37,Nami,10,BOTTOM,0,0,9,5945,10,4874,True,0,False,False,False,False,0,1,0,0,8.39,4/4/2022,Iron
38,Soraka,14,BOTTOM,2,4,9,8042,29,5541,True,1,False,False,False,False,0,1,0,0,6.52,4/4/2022,Iron
39,Jinx,14,BOTTOM,4,9,6,10535,112,12438,True,1,False,False,False,False,1,1,0,0,12.21,4/4/2022,Iron
40,Soraka,16,BOTTOM,3,7,22,9446,29,8200,True,0,False,False,False,False,0,1,1,1,7.15,4/4/2022,Iron
41,Yuumi,13,BOTTOM,1,0,20,6945,7,4050,True,0,False,False,False,False,0,0,0,1,5.46,4/3/2022,Iron
42,Kayle,15,TOP,3,7,4,10493,90,5590,True,2,False,False,False,False,0,0,2,0,4.36,4/3/2022,Iron
43,Hecarim,13,JUNGLE,1,3,3,8007,26,4561,False,0,False,False,False,False,0,0,3,0,5.2,4/3/2022,Iron
44,Ahri,14,MIDDLE,2,2,1,9748,143,6873,True,0,False,False,False,False,0,0,0,2,6.22,4/3/2022,Iron
45,Caitlyn,10,BOTTOM,1,8,2,5909,80,9103,False,0,False,False,False,False,0,0,0,0,21.53,4/3/2022,Iron
46,Vayne,16,BOTTOM,9,10,4,14563,164,19284,True,1,False,False,False,False,0,0,2,3,14.86,4/3/2022,Iron
47,Kaisa,2,NONE,0,0,0,826,9,799,False,0,False,False,False,False,0,0,0,0,34.54,4/3/2022,Iron
48,Jinx,11,BOTTOM,3,5,3,7675,118,12933,False,0,False,False,False,False,0,0,3,1,25.75,4/3/2022,Iron
49,Ivern,12,BOTTOM,0,0,6,6623,16,4997,True,1,False,False,False,False,0,1,0,0,9.33,4/2/2022,Iron
50,Vayne,11,BOTTOM,1,10,1,6231,70,3055,False,0,False,False,False,False,0,0,2,2,5.13,4/2/2022,Iron
51,Kaisa,17,BOTTOM,15,6,7,16856,182,32557,False,1,False,False,False,False,0,0,4,0,22.08,4/2/2022,Iron
52,Kaisa,3,NONE,0,0,0,845,8,658,False,0,False,False,False,False,0,0,0,0,23.62,4/2/2022,Iron
53,Zeri,16,BOTTOM,6,14,3,16166,243,23461,False,0,False,True,False,False,0,0,1,2,13.04,3/30/2022,Iron
54,Zeri,8,NONE,0,3,0,4035,79,3641,False,0,False,False,False,False,0,0,0,0,17.67,3/30/2022,Iron
55,Tristana,9,BOTTOM,2,4,4,5570,70,5528,False,0,False,False,False,False,0,0,0,0,27.53,3/30/2022,Iron
56,Yuumi,16,BOTTOM,5,4,37,11441,1,11201,True,1,False,False,False,False,0,1,0,0,9.47,3/29/2022,Iron
57,Yuumi,10,MIDDLE,0,4,4,5174,3,4479,False,0,False,False,False,False,0,0,0,1,9.85,3/29/2022,Iron
58,Caitlyn,1,NONE,0,1,0,1549,1,180,False,0,False,False,False,False,0,0,0,0,1.79,3/27/2022,Iron
59,Yuumi,13,BOTTOM,2,3,10,8209,3,9874,False,0,False,False,False,False,0,0,1,0,12.56,3/27/2022,Iron
60,Ashe,11,BOTTOM,2,0,5,7139,98,6494,True,0,False,False,False,False,0,0,0,1,14.76,3/25/2022,Iron
61,Yuumi,15,BOTTOM,2,3,26,9358,5,10367,True,0,False,False,False,False,0,0,1,0,8.63,3/25/2022,Iron
62,Pantheon,13,BOTTOM,1,10,2,7114,36,9172,False,0,False,False,False,False,0,0,3,0,11.03,3/24/2022,Iron
63,Yuumi,11,BOTTOM,0,0,15,7138,7,8283,True,0,False,False,False,False,0,2,0,0,10.57,3/24/2022,Iron
64,Yuumi,9,BOTTOM,1,7,10,5680,0,4527,False,0,False,False,False,False,0,0,2,0,9.96,3/24/2022,Iron
65,Twitch,18,BOTTOM,25,7,7,21668,199,63056,True,0,False,False,False,False,1,1,0,3,34.46,3/23/2022,Iron
66,Twitch,12,BOTTOM,6,7,7,9126,72,15422,True,0,False,False,False,False,0,0,0,0,15.1,3/23/2022,Iron
67,Kalista,11,BOTTOM,4,2,2,7832,118,7409,True,0,False,False,False,False,1,1,0,3,12.04,3/23/2022,Iron
68,Kalista,14,BOTTOM,2,6,5,10752,161,12962,True,0,False,False,False,False,0,0,0,0,11.14,3/23/2022,Iron
69,Leblanc,13,BOTTOM,4,11,8,8564,54,14919,False,0,False,False,False,False,0,0,2,0,24.87,3/22/2022,Iron
70,Kindred,15,BOTTOM,7,11,6,12700,105,20000,True,0,False,False,False,False,0,0,1,1,16.25,3/21/2022,Iron
71,Alistar,13,MIDDLE,2,7,14,7953,44,7541,True,1,False,True,False,False,0,1,0,1,10.34,3/20/2022,Iron
72,Leblanc,17,MIDDLE,5,5,5,10105,151,17200,False,0,False,False,False,False,0,0,2,0,20.41,3/20/2022,Iron
73,Leblanc,13,TOP,7,5,4,9084,104,11876,False,0,False,False,False,False,0,0,1,2,20.75,3/20/2022,Iron
74,Katarina,17,MIDDLE,4,16,14,12375,132,20807,True,1,False,True,False,False,0,0,4,1,14.92,3/19/2022,Iron
75,Leblanc,13,TOP,8,2,1,8356,109,15910,True,0,False,False,False,False,0,0,0,0,26.51,3/19/2022,Iron
76,Leblanc,12,MIDDLE,3,2,0,7295,113,5801,True,0,False,False,False,False,0,0,0,1,7.45,3/19/2022,Iron
77,Vex,15,MIDDLE,6,9,13,10169,111,21536,True,1,False,False,False,False,0,2,0,0,21.37,3/18/2022,Iron
78,Katarina,18,MIDDLE,13,8,6,17294,201,30917,True,1,False,False,False,False,1,1,0,1,24.3,3/18/2022,Iron
79,Leblanc,18,MIDDLE,14,5,9,16939,191,45441,False,0,False,False,False,False,0,0,2,2,27.03,3/18/2022,Iron
80,Jayce,11,NONE,2,3,7,6781,87,7977,True,0,False,False,False,False,0,0,0,4,16.4,3/18/2022,Iron
81,Leblanc,16,MIDDLE,17,4,10,14448,162,26942,True,1,False,False,False,False,0,1,0,2,22.05,3/18/2022,Iron
82,Anivia,18,MIDDLE,6,6,6,14190,173,20124,False,0,False,False,False,False,0,0,3,0,14.86,3/17/2022,Iron
83,Irelia,12,TOP,5,6,1,8386,142,7546,True,0,False,True,False,False,0,0,0,0,19.11,3/17/2022,Iron
84,Irelia,11,NONE,3,1,0,6537,117,4021,True,0,False,False,False,True,0,0,0,5,16.25,3/17/2022,Iron
85,Irelia,13,TOP,4,10,7,8151,144,14178,False,0,False,False,False,False,0,0,3,3,25.25,3/17/2022,Iron
86,Soraka,4,BOTTOM,0,0,0,5135,0,836,False,0,False,False,False,False,0,0,4,0,1.06,3/17/2022,Iron
87,Cassiopeia,15,BOTTOM,11,1,7,14124,164,15861,True,1,False,False,False,False,2,2,0,2,16.19,2/21/2022,Iron
88,Kassadin,17,BOTTOM,12,6,3,14086,199,31770,True,0,False,False,False,False,0,0,0,0,26.67,2/21/2022,Iron
89,Lucian,11,BOTTOM,2,3,6,7196,126,9482,True,0,False,False,False,False,0,0,0,0,16.83,2/21/2022,Iron
90,Tristana,15,BOTTOM,5,11,9,11062,162,18767,False,0,False,False,False,False,0,0,3,1,16.51,2/20/2022,Iron
91,Aphelios,9,NONE,1,3,1,4270,71,4183,False,0,False,False,False,False,0,0,0,1,18.49,2/18/2022,Iron
92,Jhin,16,BOTTOM,4,12,4,12153,135,11999,False,1,False,False,False,False,0,0,1,1,7.03,2/18/2022,Iron
93,Kassadin,18,BOTTOM,21,16,5,23203,200,72963,True,1,False,False,False,False,0,0,3,0,32.82,2/18/2022,Iron
94,Senna,12,BOTTOM,1,4,2,6895,103,11172,False,0,False,False,False,False,0,0,0,0,18.01,2/18/2022,Iron
95,Ashe,10,BOTTOM,0,5,4,5071,54,6513,True,0,False,False,False,False,0,0,0,0,9.6,2/18/2022,Iron
96,Vayne,13,MIDDLE,1,11,5,6872,82,7397,False,0,False,False,False,False,0,0,2,0,9.52,2/18/2022,Iron
97,Kassadin,11,BOTTOM,4,7,5,7606,95,9619,True,0,False,False,False,False,0,0,0,0,13.04,2/17/2022,Iron
98,Kaisa,3,NONE,1,0,0,1311,16,408,True,0,False,False,False,False,0,0,0,0,18.54,2/17/2022,Iron
0,Caitlyn,12,BOTTOM,2,7,6,8236,145,8849,False,0,False,False,False,False,0,0,3,1,14.45,4/14/2022,Silver
1,Tristana,12,BOTTOM,4,5,5,9112,133,12473,False,0,False,False,False,False,0,0,2,1,21.49,4/14/2022,Silver
2,MissFortune,16,BOTTOM,7,6,4,14044,229,18285,True,1,False,False,False,False,1,1,0,1,18.36,4/14/2022,Silver
3,MissFortune,18,BOTTOM,8,13,14,16997,228,25991,False,0,False,False,False,False,0,0,4,1,16.29,4/14/2022,Silver
4,Lux,15,BOTTOM,7,3,19,11005,54,24684,True,0,False,False,False,False,0,1,0,2,20.33,4/12/2022,Silver
5,Lux,9,NONE,2,2,6,4850,41,7771,False,0,False,False,False,False,0,0,0,0,28.86,4/12/2022,Silver
6,Jinx,17,BOTTOM,16,6,3,18366,210,31234,False,1,False,False,False,False,0,0,2,1,26.92,4/12/2022,Silver
7,Jinx,17,BOTTOM,9,8,10,16683,222,39810,False,0,True,False,False,False,0,1,1,4,26.57,4/11/2022,Silver
8,Tristana,14,BOTTOM,14,6,3,13286,184,21563,False,0,False,False,False,False,0,0,2,1,30.57,4/11/2022,Silver
9,Jinx,14,BOTTOM,2,8,12,9309,141,16535,False,0,False,False,False,False,0,0,2,1,20.05,4/11/2022,Silver
10,Jinx,15,BOTTOM,13,5,9,14351,176,25986,True,0,False,False,False,False,1,1,0,2,27.37,4/11/2022,Silver
11,Jinx,18,BOTTOM,9,7,11,19078,274,32382,False,1,False,False,False,False,0,1,1,0,23.54,4/11/2022,Silver
12,Jinx,18,BOTTOM,22,11,14,23041,273,48143,False,1,True,False,False,True,1,2,2,7,31.21,4/11/2022,Silver
13,Jinx,17,BOTTOM,7,7,14,16020,199,22529,True,1,False,False,False,False,1,1,0,1,19.11,4/11/2022,Silver
14,Lux,16,BOTTOM,7,4,20,12081,49,26110,True,2,False,False,False,False,0,2,0,1,20.54,4/11/2022,Silver
15,Velkoz,14,BOTTOM,3,12,6,9618,40,20193,False,0,False,False,False,False,0,0,1,1,21.44,4/11/2022,Silver
16,Velkoz,14,BOTTOM,9,3,13,11699,61,22620,True,0,False,False,False,False,0,1,0,3,19.49,4/10/2022,Silver
17,Lux,8,NONE,1,2,6,5287,17,4529,True,0,False,False,False,False,0,0,0,3,14.08,4/10/2022,Silver
18,Jinx,12,BOTTOM,7,6,4,8701,120,11420,False,0,False,False,False,False,0,0,2,4,20.42,4/10/2022,Silver
19,Kaisa,14,BOTTOM,3,5,9,10703,169,24601,False,0,True,False,False,True,0,0,1,5,27.05,4/10/2022,Silver
20,Kaisa,16,BOTTOM,8,5,11,12930,180,23426,True,0,False,False,False,False,0,1,0,0,22.44,4/10/2022,Silver
21,Ashe,14,BOTTOM,1,7,4,8955,181,6667,False,0,False,False,False,False,0,0,2,1,11.44,4/10/2022,Silver
22,Jinx,18,BOTTOM,7,6,16,18313,245,23498,True,2,False,True,False,False,2,2,0,2,15.39,4/10/2022,Silver
23,Jinx,15,BOTTOM,11,3,8,13622,156,20292,True,1,False,False,False,False,0,0,0,4,29.87,4/10/2022,Silver
24,Twitch,11,BOTTOM,10,3,4,10423,123,14343,True,0,False,True,False,False,0,0,0,1,28.5,4/10/2022,Silver
25,Twitch,10,NONE,10,3,4,7786,74,12169,True,0,False,False,False,False,0,0,0,2,28.39,4/10/2022,Silver
26,Caitlyn,15,BOTTOM,6,2,9,13519,189,16784,True,0,False,False,False,True,2,2,0,2,19.46,4/10/2022,Silver
27,Jinx,13,BOTTOM,11,3,6,12457,157,20210,True,0,False,False,False,False,1,2,0,3,24.2,4/10/2022,Silver
28,Caitlyn,18,BOTTOM,19,8,14,25324,297,58112,True,3,False,False,False,False,3,4,2,0,24.85,4/9/2022,Silver
29,Jinx,17,BOTTOM,15,8,11,18933,228,44419,False,1,False,False,False,False,0,0,2,2,37.39,4/9/2022,Silver
30,Jinx,18,BOTTOM,18,6,9,21542,254,42057,True,1,False,False,False,False,1,3,0,3,27.98,4/9/2022,Silver
31,Ashe,16,BOTTOM,12,2,18,14741,172,17317,True,1,False,False,False,False,1,1,0,4,16.25,4/7/2022,Silver
32,Lux,14,BOTTOM,3,5,14,10089,39,15841,True,1,False,False,False,False,1,2,0,5,13.15,4/6/2022,Silver
33,Jinx,18,BOTTOM,30,12,13,29364,331,74194,False,0,False,False,False,False,0,0,9,4,33.23,4/6/2022,Silver
34,Quinn,11,NONE,6,2,4,6833,94,11682,True,0,False,False,False,False,0,0,0,2,34.42,4/6/2022,Silver
35,Caitlyn,12,BOTTOM,3,9,5,9444,153,10029,False,0,False,False,False,False,0,0,3,2,17.56,4/5/2022,Silver
36,Lux,15,MIDDLE,3,4,9,9219,151,13688,True,1,False,False,False,False,0,0,0,0,12.75,4/5/2022,Silver
37,Kaisa,18,BOTTOM,12,6,15,17855,262,61853,True,1,False,False,False,False,0,1,2,2,39.16,4/2/2022,Silver
38,Ashe,13,BOTTOM,7,3,12,11654,152,16049,True,0,False,False,False,False,0,0,0,1,20.91,4/2/2022,Silver
39,Caitlyn,16,BOTTOM,8,7,10,15144,223,32371,False,0,False,False,True,False,0,0,3,5,27.59,4/2/2022,Silver
40,Jinx,16,BOTTOM,6,4,11,14031,185,21885,True,1,True,False,False,False,1,1,0,3,19.98,4/2/2022,Silver
41,Jhin,17,BOTTOM,8,6,12,12621,164,27717,False,0,True,False,False,False,0,0,3,0,25.42,3/31/2022,Silver
42,Caitlyn,11,BOTTOM,7,13,5,9913,100,13512,False,0,False,True,False,False,0,0,1,2,25.31,3/31/2022,Silver
43,Jinx,18,BOTTOM,7,5,10,16701,261,30226,False,0,False,False,False,False,0,0,5,1,18.83,3/31/2022,Silver
44,Jhin,16,BOTTOM,9,13,8,13842,137,16787,False,1,False,False,False,False,0,0,3,1,13.59,3/30/2022,Silver
45,Ashe,18,BOTTOM,5,11,20,16666,228,27847,False,0,False,False,False,False,0,0,5,1,14.54,3/30/2022,Silver
46,Ezreal,18,BOTTOM,10,7,15,17556,203,34169,True,2,False,False,False,False,1,1,2,1,26.97,3/30/2022,Silver
47,Jinx,18,BOTTOM,16,1,5,19280,296,36135,True,0,False,False,False,False,0,1,0,1,33.5,3/27/2022,Silver
48,Ashe,16,BOTTOM,11,10,17,15779,149,27774,False,0,False,False,False,False,0,0,1,2,24.35,3/26/2022,Silver
49,Caitlyn,18,BOTTOM,10,6,15,19680,276,37727,False,2,False,False,False,False,0,0,3,2,28.41,3/26/2022,Silver
50,Tristana,18,BOTTOM,18,9,12,21050,222,41868,True,1,False,False,False,False,1,3,0,4,28.2,3/24/2022,Silver
51,Zeri,7,NONE,1,1,2,3868,65,1756,True,0,False,False,False,False,0,0,0,3,10.28,3/23/2022,Silver
52,Jinx,13,BOTTOM,4,7,10,11189,128,11287,False,0,False,False,False,False,0,0,2,2,14.65,3/23/2022,Silver
53,Kaisa,8,NONE,4,3,5,5184,12,6647,True,0,False,False,False,False,0,0,0,2,16.58,3/23/2022,Silver
54,Lux,15,BOTTOM,11,4,18,13008,41,26738,True,1,False,False,True,False,0,2,0,2,20.42,3/21/2022,Silver
55,Jhin,18,BOTTOM,18,7,13,21159,228,43256,False,1,True,False,False,False,1,1,3,1,31.7,3/21/2022,Silver
56,XinZhao,17,JUNGLE,9,9,19,15105,54,23396,True,0,False,False,False,False,0,1,1,2,16.23,3/21/2022,Silver
57,Ashe,13,BOTTOM,2,6,10,9053,142,12952,False,0,False,False,False,False,0,0,2,3,19.75,3/21/2022,Silver
58,Jinx,14,BOTTOM,3,8,4,10422,172,15301,False,0,False,False,False,False,0,0,2,1,18.2,3/20/2022,Silver
59,Jinx,17,BOTTOM,15,10,10,18536,216,35136,False,0,False,False,False,False,0,0,5,0,43.43,3/20/2022,Silver
60,Kaisa,16,BOTTOM,10,4,11,14584,221,26916,True,0,False,False,False,False,0,1,0,1,25.92,3/20/2022,Silver
61,Ashe,16,BOTTOM,11,6,13,15181,163,20198,False,0,False,False,False,False,0,0,3,1,20.85,3/20/2022,Silver
62,Quinn,14,TOP,1,5,4,8138,169,9641,False,0,False,False,False,False,0,0,2,0,17.99,3/19/2022,Silver
63,Lux,14,BOTTOM,9,10,11,12257,50,23036,False,0,False,False,False,False,0,0,3,2,21.6,3/19/2022,Silver
64,Blitzcrank,11,BOTTOM,4,10,6,7007,27,7516,False,0,False,False,False,False,0,0,1,0,13.91,3/19/2022,Silver
65,Lucian,11,BOTTOM,1,3,1,6597,143,5108,False,0,False,False,False,False,0,0,3,0,13.77,3/19/2022,Silver
66,Ashe,14,BOTTOM,7,1,13,12827,176,20146,True,0,False,False,False,False,0,1,1,3,22.51,3/19/2022,Silver
67,Jinx,11,BOTTOM,2,0,10,8015,145,8193,True,0,False,False,False,False,0,1,0,4,16.24,3/18/2022,Silver
68,Teemo,14,TOP,3,8,5,9225,151,17184,False,0,False,False,False,False,0,0,1,2,29.28,3/18/2022,Silver
69,XinZhao,16,JUNGLE,6,8,12,12511,28,16755,True,1,False,False,False,True,1,1,0,2,13.49,3/18/2022,Silver
70,Lux,8,NONE,1,2,3,4169,20,4681,False,0,False,False,False,False,0,0,0,4,21.82,3/18/2022,Silver
71,Caitlyn,18,BOTTOM,8,7,7,15845,215,26841,True,1,False,False,False,False,0,1,1,2,18.79,3/17/2022,Silver
72,Kaisa,18,BOTTOM,8,8,9,15782,237,28293,False,0,True,False,False,False,0,0,3,2,20.91,3/14/2022,Silver
73,Kaisa,18,MIDDLE,11,13,5,18502,234,37931,True,0,False,False,False,False,0,1,0,2,30.18,3/14/2022,Silver
74,Caitlyn,12,BOTTOM,1,6,5,7349,151,9788,False,0,False,False,False,False,0,0,1,1,17.68,3/13/2022,Silver
75,Kaisa,17,MIDDLE,8,2,5,14677,277,35575,False,0,False,False,False,False,0,0,2,0,31.67,3/13/2022,Silver
76,Kaisa,17,BOTTOM,6,6,12,15142,273,26468,False,0,False,False,False,False,0,0,4,1,25.92,3/12/2022,Silver
77,Kaisa,12,BOTTOM,5,5,12,8253,29,12556,True,0,False,False,False,False,0,0,0,1,16.3,3/12/2022,Silver
78,Caitlyn,16,BOTTOM,8,2,7,15119,231,18066,True,1,False,False,False,False,1,2,0,2,20.32,3/11/2022,Silver
79,Caitlyn,14,BOTTOM,0,1,1,7965,198,6592,False,0,False,False,False,False,0,0,3,0,12.05,3/11/2022,Silver
80,Teemo,11,NONE,4,2,0,7198,129,16531,True,0,False,False,False,False,0,0,0,5,42.53,3/11/2022,Silver
81,Jinx,17,BOTTOM,16,5,12,19387,216,37563,True,0,False,False,False,False,0,1,0,3,34.95,3/9/2022,Silver
82,Caitlyn,11,BOTTOM,3,4,1,8534,167,3363,False,0,False,False,False,True,0,0,2,5,9.77,3/9/2022,Silver
83,Nocturne,17,JUNGLE,18,2,7,16650,38,23031,True,1,True,False,False,False,0,0,0,4,30.62,3/7/2022,Silver
84,Jinx,18,BOTTOM,13,2,7,19928,246,30694,True,2,True,False,False,False,0,0,0,8,18.8,3/7/2022,Silver
85,Caitlyn,15,BOTTOM,6,6,4,13745,229,18479,True,1,False,False,False,False,0,0,0,4,16.4,3/7/2022,Silver
86,Teemo,17,TOP,5,3,7,13412,188,19471,True,1,False,False,False,False,1,1,0,3,18.53,3/7/2022,Silver
87,Quinn,16,TOP,4,9,5,11975,184,15399,False,0,False,False,False,False,0,0,1,1,13.26,3/7/2022,Silver
88,Udyr,15,JUNGLE,10,2,8,12255,65,18254,True,1,False,False,True,False,0,1,0,4,18.91,3/7/2022,Silver
89,Ezreal,13,TOP,6,2,6,10202,144,13163,True,0,True,False,False,False,1,3,0,5,19.91,3/7/2022,Silver
90,Quinn,18,TOP,15,2,7,16686,194,38270,True,2,False,False,False,False,2,2,0,2,28.71,3/7/2022,Silver
91,Jinx,10,NONE,6,0,3,7087,124,9010,True,0,True,False,False,False,0,0,0,3,35.94,3/7/2022,Silver
92,Caitlyn,14,BOTTOM,5,9,4,11160,175,17795,False,0,False,False,True,False,0,0,1,7,19.54,3/7/2022,Silver
93,Caitlyn,14,BOTTOM,4,1,1,11079,182,12930,True,0,False,True,False,False,0,0,0,5,18.25,3/7/2022,Silver
94,Nautilus,12,BOTTOM,3,4,4,7381,53,8211,False,0,False,True,False,False,0,0,1,1,13.25,3/7/2022,Silver
0,Yuumi,12,BOTTOM,3,6,18,7905,3,6894,False,0,False,False,False,False,0,1,1,0,9.93,4/16/2022,Diamond
1,Sona,11,BOTTOM,0,0,12,6578,11,3894,True,0,False,False,True,False,0,2,0,5,6.45,4/16/2022,Diamond
2,Sona,12,BOTTOM,1,1,19,7466,8,3431,True,1,True,False,True,False,0,1,0,3,5.97,4/16/2022,Diamond
3,Taliyah,11,BOTTOM,3,5,2,7028,54,6099,False,0,False,False,False,False,0,0,2,0,14.2,4/16/2022,Diamond
4,Sona,16,BOTTOM,0,9,28,10420,38,12005,True,1,False,False,True,False,0,1,0,5,8.14,4/16/2022,Diamond
5,Sona,12,BOTTOM,1,4,16,7207,15,4166,True,1,False,False,False,False,0,2,0,1,7.24,4/16/2022,Diamond
6,Sona,11,BOTTOM,0,6,12,5791,8,6599,False,0,False,False,False,False,0,0,2,0,9.37,4/16/2022,Diamond
7,Nami,11,BOTTOM,1,7,8,6707,14,7619,False,0,False,False,True,False,0,0,0,0,12.12,4/15/2022,Diamond
8,Soraka,12,BOTTOM,1,7,12,7500,18,4906,False,0,False,False,True,False,0,0,1,5,7.35,4/15/2022,Diamond
9,Akshan,16,MIDDLE,8,4,3,14541,194,24526,False,0,False,False,False,False,0,0,1,2,25.7,4/15/2022,Diamond
10,Soraka,16,BOTTOM,2,11,23,9690,21,6999,False,0,False,False,False,False,0,0,3,0,6.05,4/15/2022,Diamond
11,Sona,11,BOTTOM,2,2,10,6670,19,5060,True,0,False,False,False,False,0,1,0,3,7.33,4/15/2022,Diamond
12,Sona,14,BOTTOM,0,4,18,8178,29,6486,True,1,False,False,False,False,1,2,0,4,8.05,4/15/2022,Diamond
13,Karthus,16,MIDDLE,9,8,6,14458,188,37973,False,0,False,False,False,False,0,0,1,1,36.08,4/15/2022,Diamond
14,Sona,14,BOTTOM,3,7,9,8689,25,5717,False,0,False,False,False,False,0,0,1,2,7.84,4/15/2022,Diamond
15,Sona,12,BOTTOM,1,3,15,7929,16,6643,True,1,False,False,False,True,0,2,0,5,11.3,4/15/2022,Diamond
16,Sona,11,BOTTOM,2,3,18,7177,15,6439,True,0,False,False,False,False,0,1,0,3,11.72,4/15/2022,Diamond
17,Sona,12,BOTTOM,3,8,15,7858,15,7631,False,0,False,False,False,False,0,0,2,1,9.46,4/15/2022,Diamond
18,Taric,14,BOTTOM,3,12,12,8982,76,8119,False,0,False,False,False,False,0,0,2,0,6.9,4/15/2022,Diamond
19,Senna,13,BOTTOM,6,10,12,9854,43,20173,False,0,False,False,False,False,0,0,1,1,21.79,4/15/2022,Diamond
20,Rakan,10,BOTTOM,2,1,5,5397,43,4167,False,0,False,False,False,False,0,0,1,0,10.37,4/15/2022,Diamond
21,Swain,14,BOTTOM,4,7,12,11553,50,35426,False,0,True,False,True,False,0,0,1,4,24.97,4/15/2022,Diamond
22,Senna,15,BOTTOM,9,5,11,12502,52,17989,True,1,False,False,False,False,0,0,0,4,21.57,4/15/2022,Diamond
23,Soraka,16,BOTTOM,0,6,21,9383,33,7015,True,2,False,False,False,False,0,1,0,2,5.62,4/15/2022,Diamond
24,Janna,13,BOTTOM,0,4,7,6974,17,2368,False,0,False,False,False,False,0,0,3,2,3.07,4/15/2022,Diamond
25,Rakan,9,NONE,1,1,5,4778,27,2543,True,0,False,False,False,False,0,0,0,4,8.07,4/15/2022,Diamond
26,Sona,15,BOTTOM,0,1,24,9038,15,9676,True,2,False,False,False,False,0,1,0,5,11.23,4/15/2022,Diamond
27,Soraka,14,BOTTOM,0,4,23,8939,10,8655,False,1,False,False,False,False,0,0,2,5,7.9,4/14/2022,Diamond
28,Sona,16,BOTTOM,1,5,9,8445,33,5614,False,0,False,False,False,False,0,0,6,1,4.42,4/14/2022,Diamond
29,Blitzcrank,13,BOTTOM,0,9,13,7318,34,5848,False,0,False,False,False,False,0,0,3,5,5.76,4/14/2022,Diamond
30,Blitzcrank,13,BOTTOM,2,5,15,8956,44,5938,True,1,False,False,True,False,0,1,0,6,6.46,4/14/2022,Diamond
31,Yuumi,10,BOTTOM,0,4,7,4780,1,3213,False,0,False,False,False,False,0,0,1,0,8.63,4/14/2022,Diamond
32,Soraka,13,BOTTOM,1,9,16,7957,25,5063,False,0,False,False,False,False,0,0,2,1,4.78,4/14/2022,Diamond
33,Taric,11,BOTTOM,0,5,19,6823,35,2989,True,0,False,False,True,False,0,0,0,2,4.48,4/14/2022,Diamond
34,Soraka,14,BOTTOM,2,5,17,9110,18,5433,True,1,False,False,True,False,0,1,0,5,5.89,4/14/2022,Diamond
35,Soraka,14,BOTTOM,2,2,14,8974,23,5850,True,2,False,False,False,False,0,1,0,3,6.06,4/14/2022,Diamond
36,MissFortune,11,BOTTOM,0,1,2,4842,36,6255,False,0,False,False,False,False,0,0,2,0,16.92,4/14/2022,Diamond
37,Yuumi,11,BOTTOM,1,5,7,6469,5,7308,False,0,True,False,False,False,0,0,2,1,11.02,4/14/2022,Diamond
38,Senna,13,BOTTOM,3,3,14,10204,40,7355,True,1,False,False,False,False,0,0,0,9,10.96,4/14/2022,Diamond
39,Blitzcrank,11,BOTTOM,0,7,7,6278,46,2432,False,0,False,False,False,False,0,0,3,1,4.12,4/14/2022,Diamond
40,Soraka,6,NONE,0,2,2,3101,10,2379,False,0,False,False,False,False,0,0,1,0,11.37,4/14/2022,Diamond
41,Soraka,9,NONE,1,2,8,5263,8,2998,True,0,False,False,False,False,0,0,0,3,7.86,4/14/2022,Diamond
42,Soraka,13,BOTTOM,1,5,8,7797,22,7730,True,1,False,False,False,False,0,1,0,0,8.2,4/14/2022,Diamond
43,Soraka,12,BOTTOM,0,1,11,5965,19,3906,True,0,False,False,True,False,0,0,0,3,9.67,4/14/2022,Diamond
44,Sona,17,BOTTOM,3,7,19,11741,48,15808,False,2,True,False,False,False,0,0,1,2,10.7,4/14/2022,Diamond
45,Sona,11,BOTTOM,3,1,12,6784,8,4736,True,0,True,False,False,False,0,0,0,2,9.84,4/14/2022,Diamond
46,Soraka,14,BOTTOM,0,3,17,8346,25,5245,True,1,False,False,False,False,0,1,0,1,5.99,4/14/2022,Diamond
47,Sona,15,BOTTOM,2,9,19,9856,37,11728,True,0,False,False,False,False,0,0,0,1,9.56,4/14/2022,Diamond
48,Senna,9,NONE,1,2,2,5619,45,4720,False,0,False,False,False,False,0,0,2,1,17.28,4/14/2022,Diamond
49,Nami,12,BOTTOM,2,8,10,7653,9,6847,False,0,True,False,False,False,0,1,0,2,8.26,4/14/2022,Diamond
50,Nautilus,10,BOTTOM,1,8,4,5331,29,4446,False,0,False,False,False,False,0,0,2,1,7.8,4/14/2022,Diamond
51,Rell,9,BOTTOM,1,6,9,5366,29,4130,False,0,False,False,False,False,0,0,0,0,10.37,4/14/2022,Diamond
52,Yuumi,14,MIDDLE,4,5,25,9928,12,12863,False,1,True,False,False,False,0,1,2,1,9.43,4/14/2022,Diamond
53,Bard,16,BOTTOM,1,7,17,9710,41,10394,False,1,False,False,False,False,0,0,4,0,10.19,4/13/2022,Diamond
54,Morgana,8,NONE,0,3,2,4817,33,2067,False,0,True,False,False,False,0,0,0,6,9.13,4/13/2022,Diamond
55,Nautilus,10,NONE,2,1,8,6526,36,2880,True,0,False,False,True,False,0,1,0,5,6.42,4/13/2022,Diamond
56,Ivern,11,JUNGLE,1,2,12,7366,28,4663,True,1,True,False,False,False,1,1,0,3,8.32,4/13/2022,Diamond
57,Xerath,16,BOTTOM,2,5,11,10692,83,16721,True,2,True,False,True,False,0,1,0,2,17.16,4/13/2022,Diamond
58,Ivern,7,NONE,2,4,2,4107,26,4404,False,0,False,False,False,False,0,0,1,1,15.39,4/13/2022,Diamond
59,Soraka,9,BOTTOM,0,5,3,4590,8,2711,False,0,False,False,False,False,0,0,1,0,7.9,4/13/2022,Diamond
60,JarvanIV,9,BOTTOM,1,8,1,4472,10,5709,False,0,False,False,False,False,0,0,1,1,18.14,4/13/2022,Diamond
61,Nautilus,13,BOTTOM,1,2,12,7557,47,7121,True,1,False,False,False,False,1,1,0,2,10.42,4/13/2022,Diamond
62,Yuumi,15,BOTTOM,1,3,23,9220,8,8978,True,1,True,False,False,False,0,1,0,1,8.84,4/13/2022,Diamond
63,Trundle,12,BOTTOM,2,3,10,7608,47,3770,True,0,False,False,True,False,0,0,0,3,4.95,4/13/2022,Diamond
64,Yuumi,11,MIDDLE,1,0,15,6889,5,4023,True,1,False,False,False,False,0,0,0,4,7.65,4/13/2022,Diamond
65,Ivern,15,BOTTOM,3,4,19,10169,54,6969,True,2,False,False,False,False,0,1,0,2,8.02,4/13/2022,Diamond
66,Ivern,12,BOTTOM,1,3,16,7434,34,4450,True,1,True,False,False,False,1,1,0,2,6.22,4/13/2022,Diamond
67,Soraka,13,BOTTOM,1,3,10,6779,17,3605,False,0,False,False,False,False,0,0,3,2,5.75,4/13/2022,Diamond
68,Janna,13,BOTTOM,0,4,16,7043,7,3478,True,1,False,False,False,False,0,1,0,3,5.12,4/13/2022,Diamond
69,Taric,14,BOTTOM,0,6,22,8540,50,4520,True,1,False,False,False,False,0,1,0,2,5.06,4/13/2022,Diamond
70,Nautilus,13,BOTTOM,1,9,20,8726,42,8796,True,2,False,False,False,False,0,1,0,0,7.89,4/12/2022,Diamond
71,Bard,12,BOTTOM,0,0,15,6855,16,4933,True,1,False,False,False,False,0,0,0,3,6.77,4/12/2022,Diamond
72,Senna,16,BOTTOM,6,6,24,15827,44,31509,True,1,False,False,False,False,0,2,0,6,26.31,4/12/2022,Diamond
73,Senna,14,BOTTOM,7,4,15,11405,44,26543,True,0,True,False,False,False,0,1,0,3,23.39,4/12/2022,Diamond
74,Senna,9,BOTTOM,0,1,10,7373,29,4952,True,0,True,False,True,False,0,0,0,7,10.58,4/12/2022,Diamond
75,Senna,12,BOTTOM,4,2,10,8590,20,10683,True,0,False,False,False,False,1,2,0,3,15.71,4/12/2022,Diamond
76,Ivern,12,BOTTOM,0,2,1,7031,41,2943,False,0,False,False,False,False,0,0,3,4,4.65,4/12/2022,Diamond
77,Soraka,11,BOTTOM,1,2,5,5877,11,4963,False,0,False,False,False,False,0,0,1,1,8.55,4/12/2022,Diamond
78,Soraka,13,BOTTOM,2,8,15,7720,8,6978,False,0,False,False,False,False,0,0,1,2,7.08,4/12/2022,Diamond
79,Soraka,15,BOTTOM,0,5,25,8753,10,7529,False,0,False,False,False,False,0,0,2,3,7.12,4/12/2022,Diamond
80,Sona,13,BOTTOM,7,6,11,10414,16,10152,True,1,False,False,False,False,0,2,0,0,15.3,4/12/2022,Diamond
81,Yuumi,14,BOTTOM,0,12,10,8162,3,7724,False,1,False,False,False,False,0,0,1,0,5.94,4/12/2022,Diamond
82,Soraka,11,BOTTOM,1,7,7,5961,20,6177,False,0,False,False,False,False,0,0,1,2,9.85,4/12/2022,Diamond
83,Akshan,17,MIDDLE,14,12,9,16938,160,39856,False,1,False,False,True,False,0,0,1,2,28.12,4/12/2022,Diamond
84,Soraka,12,BOTTOM,6,3,15,8590,23,4583,True,1,True,False,False,False,0,1,0,2,8.14,4/12/2022,Diamond
85,Soraka,12,BOTTOM,2,4,16,7744,20,4064,True,1,False,False,False,False,0,0,0,5,5.04,4/12/2022,Diamond
86,Soraka,13,JUNGLE,0,3,17,8464,9,5521,True,2,True,False,True,False,0,4,0,1,6.93,4/12/2022,Diamond
87,Senna,13,BOTTOM,3,13,18,9920,62,13157,False,0,False,False,False,False,0,0,1,2,18.05,4/12/2022,Diamond
88,Soraka,12,BOTTOM,1,6,11,7021,28,6592,False,0,False,False,False,False,0,0,2,2,11.95,4/12/2022,Diamond
89,Soraka,10,BOTTOM,0,5,1,4260,19,2065,False,0,False,False,False,False,0,0,2,1,5.52,4/12/2022,Diamond
90,Senna,14,BOTTOM,8,11,14,13009,25,23853,True,2,False,True,False,False,0,1,0,4,19.96,4/12/2022,Diamond
91,Soraka,10,NONE,3,0,9,6005,11,3255,True,0,False,False,False,False,0,1,0,2,7.52,4/12/2022,Diamond
92,Soraka,12,BOTTOM,0,6,12,6921,20,4655,False,0,False,False,False,False,0,0,1,0,6.15,4/12/2022,Diamond
93,Senna,16,JUNGLE,3,8,17,12517,46,12840,True,2,False,False,False,True,0,1,0,5,10.1,4/12/2022,Diamond
94,Soraka,11,BOTTOM,0,0,6,5516,6,3184,True,1,False,False,True,False,0,0,0,2,6.66,4/12/2022,Diamond
95,Soraka,12,BOTTOM,0,6,7,6207,14,3787,False,0,False,False,False,False,0,0,1,0,6.91,4/12/2022,Diamond
96,Soraka,10,BOTTOM,2,3,4,5496,8,4123,False,0,False,False,False,False,0,0,0,0,11.46,4/12/2022,Diamond
97,Sona,12,MIDDLE,0,6,16,6339,14,4839,False,0,False,False,False,False,0,0,3,2,9.13,4/11/2022,Diamond
98,Soraka,9,NONE,1,1,16,6838,19,3438,True,0,False,True,False,False,0,1,0,6,5.79,4/11/2022,Diamond
99,Sona,12,BOTTOM,0,2,7,6733,21,4555,False,0,False,False,False,False,0,0,1,3,7.71,4/11/2022,Diamond
0,MasterYi,16,JUNGLE,11,10,7,13722,46,34290,False,0,False,False,False,False,0,0,1,3,32.72,3/23/2022,Bronze
1,Chogath,15,TOP,8,4,6,12836,150,23678,False,0,False,False,False,True,0,0,1,1,27.79,3/23/2022,Bronze
2,Trundle,11,JUNGLE,4,6,2,6501,5,6784,False,0,False,False,False,False,0,0,0,0,17.73,3/22/2022,Bronze
3,Trundle,13,JUNGLE,1,9,5,7035,22,10184,False,0,False,False,False,False,0,0,2,0,15.06,3/22/2022,Bronze
4,Trundle,18,JUNGLE,3,12,9,12046,23,19299,True,2,False,False,False,False,1,2,0,0,10.93,3/22/2022,Bronze
5,Trundle,18,JUNGLE,10,6,20,15512,36,26911,True,1,True,False,False,True,1,1,2,4,16.82,3/21/2022,Bronze
6,Trundle,14,JUNGLE,3,8,12,9360,5,9511,True,0,False,False,False,True,0,0,0,2,13.1,3/21/2022,Bronze
7,Trundle,15,JUNGLE,5,4,8,12223,39,17072,True,0,False,False,False,True,0,0,0,4,15.23,3/21/2022,Bronze
8,Warwick,13,JUNGLE,6,8,6,9552,25,11803,False,0,False,False,False,False,0,0,3,0,20.05,3/20/2022,Bronze
9,Warwick,16,JUNGLE,4,12,9,11008,24,14451,False,1,False,False,False,False,0,0,2,0,13.51,3/20/2022,Bronze
10,Warwick,16,JUNGLE,11,4,9,13179,37,17190,True,1,False,False,False,False,1,2,0,0,18.1,3/20/2022,Bronze
11,Warwick,16,JUNGLE,14,8,15,14383,38,22152,False,1,False,False,False,False,0,0,3,0,22.63,3/19/2022,Bronze
12,Warwick,18,JUNGLE,12,15,13,16774,34,17261,True,1,True,False,False,False,0,1,2,0,12.16,3/19/2022,Bronze
13,Shyvana,16,JUNGLE,2,4,10,10781,35,9004,True,1,False,False,False,False,0,1,0,2,8.49,3/19/2022,Bronze
14,Warwick,18,JUNGLE,15,9,15,17184,41,31977,True,0,False,True,True,False,1,2,1,5,19.81,3/18/2022,Bronze
15,MasterYi,16,JUNGLE,6,10,8,11535,9,13603,True,2,False,False,False,False,1,2,0,0,9.47,3/17/2022,Bronze
16,Warwick,17,JUNGLE,8,7,8,13106,44,18956,True,2,True,False,False,False,0,0,0,2,13.52,3/17/2022,Bronze
17,Warwick,14,JUNGLE,3,8,6,9838,12,11364,True,1,False,True,False,False,1,3,0,0,14.87,3/17/2022,Bronze
18,Warwick,18,JUNGLE,10,9,15,14249,51,25535,True,1,False,False,False,False,0,0,4,3,14.47,3/17/2022,Bronze
19,Chogath,3,NONE,0,0,0,967,12,519,True,0,False,False,False,False,0,0,0,0,35.48,3/17/2022,Bronze
20,LeeSin,3,NONE,0,2,0,2855,0,824,False,0,False,False,False,False,0,0,1,0,3.52,3/17/2022,Bronze
21,LeeSin,9,JUNGLE,1,5,4,5254,9,7954,False,0,False,False,False,False,0,0,1,0,17.66,3/17/2022,Bronze
22,LeeSin,9,JUNGLE,3,6,3,6163,10,4915,True,0,False,False,False,False,0,0,0,0,10.98,3/17/2022,Bronze
23,Graves,8,NONE,0,7,0,4216,13,3537,False,0,False,False,False,False,0,0,1,0,11.84,3/17/2022,Bronze
24,Graves,13,JUNGLE,3,10,3,9525,35,19586,False,0,False,False,False,False,0,0,3,0,24.87,3/16/2022,Bronze
25,Graves,9,NONE,3,3,1,5919,2,2650,True,0,False,True,False,True,0,0,0,4,6.1,3/16/2022,Bronze
26,Chogath,13,TOP,4,9,1,9092,106,5899,False,0,False,False,False,False,0,0,3,0,14.01,3/16/2022,Bronze
27,Chogath,11,TOP,2,6,0,5667,78,5970,False,0,False,False,False,False,0,0,2,0,19.74,3/16/2022,Bronze
28,MasterYi,16,JUNGLE,6,13,12,13798,31,18878,False,0,False,False,False,False,0,0,2,2,19.28,3/16/2022,Bronze
29,Chogath,13,TOP,3,5,2,8885,107,8692,False,0,False,False,False,False,0,0,1,0,13.81,3/16/2022,Bronze
30,Zac,9,JUNGLE,2,8,4,5385,12,5594,False,0,False,False,False,False,0,0,1,0,13.95,3/16/2022,Bronze
31,Zac,13,JUNGLE,4,0,7,8002,15,5699,True,0,False,False,False,False,0,0,0,0,10.55,3/16/2022,Bronze
32,Shyvana,18,JUNGLE,2,13,13,14260,47,26904,False,3,False,False,False,False,1,2,2,3,16.58,3/16/2022,Bronze
33,FiddleSticks,14,JUNGLE,2,6,10,9171,18,9979,False,0,False,False,False,False,0,0,3,0,11.49,3/15/2022,Bronze
34,Shyvana,10,JUNGLE,2,2,2,6636,8,5235,True,0,False,False,False,False,0,3,0,3,11.49,3/15/2022,Bronze
35,Shyvana,16,JUNGLE,10,6,11,13266,49,16148,True,0,True,False,False,False,0,1,0,0,16.5,3/15/2022,Bronze
36,Shyvana,11,NONE,6,6,3,7214,7,9816,False,0,False,False,False,False,0,0,0,0,20.72,3/15/2022,Bronze
37,Shyvana,12,JUNGLE,3,4,6,8534,13,7293,True,0,False,False,False,False,0,0,0,3,13.15,3/15/2022,Bronze
38,Shyvana,11,NONE,9,3,2,9234,13,8990,True,0,False,True,False,False,0,0,0,0,20.18,3/15/2022,Bronze
39,Shyvana,13,JUNGLE,3,7,9,8367,13,12956,False,0,False,False,False,False,0,0,3,2,15.71,3/15/2022,Bronze
40,Shyvana,17,JUNGLE,9,13,11,14763,23,35805,False,0,False,False,False,False,0,0,2,0,21.02,3/14/2022,Bronze
41,Shyvana,16,JUNGLE,8,10,11,11783,21,22764,True,0,False,False,False,False,0,1,0,4,19.77,3/13/2022,Bronze
42,MasterYi,14,JUNGLE,9,4,5,10149,18,12780,True,0,False,False,False,True,0,1,0,3,17.27,3/13/2022,Bronze
43,MasterYi,12,JUNGLE,2,10,5,8059,22,9209,False,0,False,False,False,True,0,0,2,2,13.89,3/13/2022,Bronze
44,MasterYi,12,JUNGLE,4,6,2,8372,15,8591,False,0,False,False,False,False,0,0,1,2,19.85,3/13/2022,Bronze
45,MasterYi,15,JUNGLE,7,6,2,12508,42,13785,False,0,False,False,False,True,0,0,0,3,17.53,3/13/2022,Bronze
46,MasterYi,11,NONE,6,5,4,8299,15,4715,True,0,True,False,False,False,0,0,0,0,9.46,3/13/2022,Bronze
47,MasterYi,10,TOP,6,11,3,7023,20,9435,False,0,False,False,False,False,0,0,2,0,21.1,3/13/2022,Bronze
48,MasterYi,11,JUNGLE,2,7,5,7121,15,6703,False,0,False,False,False,False,0,0,1,0,11.6,3/13/2022,Bronze
49,Veigar,13,MIDDLE,4,4,5,8791,122,12308,True,0,False,False,False,False,0,0,0,1,17.95,3/13/2022,Bronze
50,Karthus,12,JUNGLE,3,5,10,7613,11,9161,True,0,False,False,False,False,0,0,0,0,13.29,3/13/2022,Bronze
51,Zac,15,JUNGLE,2,9,9,9927,35,10906,True,2,False,False,False,False,2,2,2,1,8.23,3/13/2022,Bronze
52,Urgot,18,TOP,7,8,8,13382,176,24082,True,2,False,False,False,False,0,1,0,1,17.38,3/13/2022,Bronze
53,Zac,12,JUNGLE,1,6,8,7632,13,8265,True,0,False,False,False,False,1,1,0,0,12.71,3/12/2022,Bronze
54,Nasus,16,TOP,4,2,3,10648,157,10629,True,1,False,False,False,False,0,0,0,2,11.52,3/12/2022,Bronze
55,Ornn,16,TOP,3,11,15,10158,135,22950,False,1,False,False,False,False,0,0,1,2,19.54,3/12/2022,Bronze
56,Illaoi,15,JUNGLE,4,6,10,9282,140,18660,True,1,True,False,False,True,1,1,0,1,25.04,3/12/2022,Bronze
57,Tristana,9,BOTTOM,1,8,1,5514,86,5794,False,0,False,False,False,False,0,0,0,0,19.32,3/12/2022,Bronze
58,Zac,14,JUNGLE,1,5,8,8805,20,10450,True,0,False,False,False,False,1,1,0,0,12.17,3/12/2022,Bronze
59,Zac,12,JUNGLE,7,4,12,8809,17,11340,True,0,False,False,False,False,1,1,0,0,16.66,3/12/2022,Bronze
60,Zac,13,JUNGLE,9,7,5,10966,24,11651,False,0,False,False,False,False,0,0,3,0,15.33,3/12/2022,Bronze
61,Sion,14,TOP,4,7,0,10131,137,15832,False,0,False,False,False,True,0,0,2,1,30.39,3/12/2022,Bronze
62,Sion,14,TOP,2,6,0,8318,135,6413,False,0,False,False,False,False,0,0,2,1,12.66,3/12/2022,Bronze
63,Sion,15,TOP,5,5,3,9493,129,11951,True,1,False,False,False,False,0,1,0,4,14.41,3/11/2022,Bronze
64,Hecarim,13,JUNGLE,4,11,11,9693,22,14237,False,0,True,False,False,False,0,0,1,0,18.63,3/11/2022,Bronze
65,Hecarim,10,NONE,3,5,3,6705,12,9972,True,0,False,False,False,False,0,0,0,0,20.83,3/11/2022,Bronze
66,Hecarim,16,JUNGLE,3,6,17,12162,35,18909,True,1,False,False,False,False,0,1,0,1,12.35,3/11/2022,Bronze
67,Jayce,14,TOP,3,13,3,8921,134,17944,False,0,False,False,False,False,0,0,2,1,20.45,3/11/2022,Bronze
68,Nautilus,16,BOTTOM,0,11,20,9840,35,12070,True,2,False,False,False,False,0,0,1,0,7.59,3/11/2022,Bronze
69,Morgana,11,BOTTOM,1,12,7,5902,17,8087,False,0,False,True,False,False,0,0,2,0,11.9,3/11/2022,Bronze
70,Nautilus,15,BOTTOM,5,8,29,12172,39,13936,True,0,False,False,False,False,0,2,0,2,10.35,3/11/2022,Bronze
71,Karthus,17,JUNGLE,11,12,13,15956,78,39032,False,0,False,False,False,False,0,0,2,0,31.08,3/11/2022,Bronze
72,Hecarim,12,JUNGLE,3,7,3,7203,17,7107,False,0,False,False,False,False,0,0,2,0,12.77,3/11/2022,Bronze
73,Ivern,8,NONE,1,6,4,4376,1,3372,False,0,False,False,False,False,0,0,0,0,18.31,3/11/2022,Bronze
74,Graves,7,NONE,0,2,1,3331,3,3219,False,0,False,False,False,False,0,0,0,0,16.32,3/11/2022,Bronze
75,Hecarim,11,JUNGLE,2,7,1,6362,24,7056,False,0,False,False,False,False,0,0,3,0,19.62,3/11/2022,Bronze
76,Karthus,12,JUNGLE,9,13,2,9930,41,24330,False,0,False,False,False,False,0,0,3,0,35.42,3/10/2022,Bronze
77,Graves,15,JUNGLE,7,7,8,11416,17,15048,True,1,False,False,False,False,0,0,0,0,13.87,3/10/2022,Bronze
78,Graves,9,NONE,2,1,6,5299,7,5124,True,0,True,False,False,False,0,0,0,0,15.85,3/10/2022,Bronze
79,Graves,3,NONE,0,0,0,1067,0,0,True,0,False,False,False,False,0,0,0,0,0.0,3/10/2022,Bronze
80,Graves,12,JUNGLE,2,9,8,7530,14,9560,False,0,False,False,False,False,0,0,1,0,12.1,3/10/2022,Bronze
81,Karthus,13,JUNGLE,9,6,11,11152,29,18818,True,0,False,False,False,False,0,2,0,0,21.63,3/10/2022,Bronze
82,Amumu,12,JUNGLE,5,8,8,8366,24,9400,False,0,False,False,False,False,0,0,1,0,18.02,3/10/2022,Bronze
83,Ivern,11,JUNGLE,4,4,7,6984,2,8467,True,0,False,False,False,False,0,0,0,0,17.92,3/9/2022,Bronze
84,Karthus,16,JUNGLE,15,7,19,15880,34,40542,True,0,True,False,False,False,0,1,0,0,37.21,3/9/2022,Bronze
85,Karthus,14,JUNGLE,6,10,9,10660,20,24082,False,0,False,False,False,False,0,0,1,0,28.07,3/9/2022,Bronze
86,Hecarim,11,JUNGLE,2,11,5,6742,15,5579,False,0,False,False,False,False,0,0,1,0,11.88,3/9/2022,Bronze
87,Rammus,14,JUNGLE,5,5,12,9846,9,15189,True,1,False,False,False,False,0,0,0,0,18.91,3/8/2022,Bronze
88,Karthus,18,JUNGLE,16,14,22,18421,38,58043,True,1,True,False,False,False,0,0,0,0,37.77,3/8/2022,Bronze
89,Amumu,16,JUNGLE,6,7,13,12420,18,16574,True,2,False,False,False,False,0,1,0,0,16.9,3/8/2022,Bronze
90,Karthus,15,JUNGLE,4,5,11,10572,18,16950,True,0,False,False,False,False,0,0,0,0,15.28,3/8/2022,Bronze
91,Hecarim,17,JUNGLE,13,10,6,15092,25,24719,False,0,False,False,False,False,0,0,2,0,18.08,3/8/2022,Bronze
92,Hecarim,11,JUNGLE,3,9,5,6971,20,10757,False,0,False,False,False,False,0,0,3,0,19.88,3/8/2022,Bronze
93,Hecarim,15,JUNGLE,4,6,17,11487,35,21040,True,1,True,False,False,False,0,0,1,1,17.54,3/8/2022,Bronze
94,Hecarim,16,JUNGLE,5,12,9,11871,46,9512,True,0,False,False,False,True,0,1,1,1,10.34,3/8/2022,Bronze
95,Amumu,18,JUNGLE,12,15,28,17358,53,24633,False,1,False,False,False,False,0,0,2,0,14.7,3/8/2022,Bronze
96,Morgana,14,BOTTOM,2,10,18,9032,25,12239,True,1,False,False,False,False,0,1,0,0,9.95,3/8/2022,Bronze
97,Hecarim,18,JUNGLE,9,13,22,14328,26,30051,True,1,False,False,False,False,0,0,2,0,17.08,3/8/2022,Bronze
98,Amumu,13,JUNGLE,9,5,14,10213,19,19532,True,1,False,False,False,False,0,0,0,0,25.92,3/7/2022,Bronze
99,Hecarim,3,NONE,0,0,0,1120,0,0,True,0,False,False,False,False,0,0,0,0,0.0,3/7/2022,Bronze
0,Jayce,14,TOP,0,8,2,10132,188,14213,False,0,False,False,False,True,0,0,1,5,20.2,4/15/2022,Master
1,Jayce,16,TOP,7,3,8,13301,189,18628,True,0,False,False,False,False,0,0,0,4,23.05,4/14/2022,Master
2,Irelia,18,TOP,6,9,4,16348,279,21189,True,2,False,False,False,False,0,1,0,0,15.39,4/14/2022,Master
3,Graves,14,TOP,5,8,0,10168,155,14539,False,0,False,False,False,False,0,0,1,0,21.68,4/14/2022,Master
4,Lucian,14,NONE,10,4,5,11299,152,14779,True,0,False,False,False,True,0,1,0,5,22.78,4/14/2022,Master
5,Irelia,17,MIDDLE,7,7,3,14790,256,19404,False,0,False,True,False,False,0,0,3,2,24.92,4/14/2022,Master
6,Graves,14,MIDDLE,5,5,1,11420,164,15498,False,0,False,False,False,False,0,0,1,1,29.89,4/14/2022,Master
7,Varus,14,TOP,2,6,2,10197,205,9158,False,0,False,False,False,False,0,0,3,4,21.02,4/13/2022,Master
8,Jayce,15,TOP,4,5,0,9541,198,13453,False,0,False,False,False,False,0,0,1,0,27.91,4/13/2022,Master
9,Kennen,16,TOP,6,7,9,13059,184,26781,False,1,False,False,False,False,0,0,1,2,32.51,4/12/2022,Master
10,Akali,14,TOP,8,6,7,9850,119,19790,False,0,False,False,False,False,0,0,1,3,21.46,4/12/2022,Master
11,Karma,15,TOP,5,3,7,11141,166,17019,True,1,False,False,False,False,0,1,0,5,25.17,4/12/2022,Master
12,Kayle,17,TOP,11,4,11,18587,265,25368,True,0,False,True,False,False,1,2,0,5,23.4,4/12/2022,Master
13,Jayce,17,TOP,11,4,6,13695,182,31781,True,1,False,False,False,False,0,0,0,4,32.82,4/12/2022,Master
14,Akali,14,MIDDLE,9,8,5,11260,125,21115,False,1,False,True,False,True,0,0,1,2,24.36,4/12/2022,Master
15,Kayle,16,TOP,4,6,2,11786,198,17792,False,0,False,False,False,False,0,0,1,3,19.64,4/12/2022,Master
16,Irelia,14,MIDDLE,4,5,1,11354,186,8224,False,1,False,False,False,False,0,0,1,1,17.05,4/12/2022,Master
17,Irelia,11,NONE,2,3,2,6412,116,8065,False,0,False,False,False,False,0,0,0,5,30.44,4/12/2022,Master
18,Irelia,18,JUNGLE,11,9,11,19466,301,34000,True,1,False,False,False,False,1,1,2,2,23.9,4/12/2022,Master
19,Kayn,17,MIDDLE,5,6,1,12766,230,12963,False,0,False,False,False,False,0,0,1,1,20.34,4/11/2022,Master
20,Graves,17,MIDDLE,1,6,2,12865,282,20934,False,0,False,False,False,False,0,0,3,2,40.75,4/11/2022,Master
21,Akali,13,TOP,5,11,4,9915,139,15311,False,0,False,False,False,False,0,0,2,2,24.78,4/11/2022,Master
22,Graves,15,MIDDLE,2,5,5,10266,166,19791,True,1,False,False,False,False,0,0,0,1,21.36,4/11/2022,Master
23,Jayce,14,MIDDLE,0,6,2,9555,182,11097,False,0,False,False,False,False,0,0,2,3,18.78,4/11/2022,Master
24,Kayle,16,TOP,12,6,3,15636,191,27823,False,1,False,False,False,False,0,0,1,2,33.64,4/11/2022,Master
25,Rengar,11,JUNGLE,6,4,4,7721,20,7578,False,0,False,False,False,False,0,0,0,0,14.81,4/11/2022,Master
26,Jayce,14,TOP,5,6,0,9957,163,12869,True,1,False,True,False,False,0,0,0,1,24.92,4/11/2022,Master
27,Kayle,17,TOP,3,6,9,14337,225,19016,True,0,False,False,False,True,0,1,0,2,25.52,4/11/2022,Master
28,Graves,16,TOP,8,7,9,14699,198,23553,False,0,False,False,False,True,0,0,2,5,21.2,4/11/2022,Master
29,Jayce,11,NONE,3,2,1,5912,97,6350,True,0,False,False,False,False,0,0,0,1,21.45,4/11/2022,Master
30,Kayle,14,TOP,5,4,5,10086,153,9010,True,0,False,False,False,False,0,0,0,3,14.55,4/11/2022,Master
31,Qiyana,18,MIDDLE,16,13,8,17665,184,42708,False,0,False,False,False,False,0,0,2,0,35.17,4/11/2022,Master
32,Kennen,17,TOP,6,8,14,13721,190,30589,False,1,False,False,False,False,0,0,1,3,25.31,4/11/2022,Master
33,Akali,17,TOP,6,8,4,12097,191,25569,True,1,False,False,False,False,0,0,0,0,21.32,4/11/2022,Master
34,Jayce,16,TOP,9,7,9,15132,211,25335,True,0,True,False,False,False,0,2,0,1,24.88,4/11/2022,Master
35,Jayce,18,TOP,9,6,8,20631,283,36038,False,1,False,False,False,True,0,0,3,4,32.42,4/10/2022,Master
36,Graves,16,MIDDLE,5,8,12,13124,178,22475,True,0,False,False,False,False,0,0,0,3,22.41,4/10/2022,Master
37,Graves,16,MIDDLE,12,3,4,15290,205,26048,True,1,False,True,False,True,0,1,0,5,30.93,4/10/2022,Master
38,Jayce,14,MIDDLE,2,5,6,10262,169,7800,True,1,False,False,False,False,0,1,0,3,12.52,4/10/2022,Master
39,Graves,13,MIDDLE,3,11,2,8987,141,13262,False,0,False,False,False,False,0,0,3,2,24.55,4/10/2022,Master
40,Graves,16,TOP,8,10,10,12411,155,28773,True,1,False,False,False,False,0,1,0,3,26.35,4/10/2022,Master
41,Kennen,15,TOP,4,5,10,10618,161,15153,True,1,False,False,False,False,0,0,0,1,14.69,4/10/2022,Master
42,Graves,12,TOP,3,3,0,9067,152,8714,False,0,False,True,False,False,0,0,1,0,19.63,4/9/2022,Master
43,Akali,16,TOP,5,10,6,12738,203,18731,False,0,False,False,False,False,0,0,1,1,22.47,4/9/2022,Master
44,Graves,18,JUNGLE,12,3,6,17498,236,26539,True,1,False,False,True,False,1,1,1,5,31.25,4/9/2022,Master
45,Irelia,13,TOP,0,9,1,8188,175,10166,False,0,False,False,False,False,0,0,1,0,19.92,4/9/2022,Master
46,Kennen,15,TOP,1,4,1,12001,230,13875,False,0,False,False,True,False,0,0,1,5,26.2,4/9/2022,Master
47,Kennen,16,TOP,10,3,4,12293,167,19041,True,1,False,False,False,False,0,0,0,0,20.2,4/9/2022,Master
48,Jayce,15,TOP,1,7,2,11307,182,13545,False,0,False,False,True,False,0,0,2,2,15.18,4/9/2022,Master
49,Jayce,3,NONE,0,0,0,981,15,926,True,0,False,False,False,False,0,0,0,0,59.7,4/9/2022,Master
50,Xayah,10,NONE,0,5,4,5977,116,8283,False,0,False,False,False,False,0,0,2,3,24.4,4/9/2022,Master
51,Jayce,16,TOP,4,5,1,14137,246,14680,False,0,False,False,False,False,0,0,1,3,16.08,4/9/2022,Master
52,Jayce,18,JUNGLE,14,4,8,22399,300,51508,True,2,False,False,False,False,0,1,4,2,29.32,4/9/2022,Master
53,Jayce,12,TOP,3,9,0,8398,114,9155,False,0,False,False,False,False,0,0,0,0,15.34,4/9/2022,Master
54,Rengar,18,JUNGLE,11,10,1,16963,227,30776,True,1,False,False,False,False,1,1,0,4,21.32,4/8/2022,Master
55,Irelia,17,MIDDLE,3,9,4,15688,272,20751,False,0,False,False,False,False,0,0,1,1,27.71,4/8/2022,Master
56,Jayce,14,TOP,4,9,5,9531,168,16233,False,0,False,False,False,False,0,0,1,1,27.81,4/8/2022,Master
57,Jayce,18,TOP,12,9,11,16194,205,33280,True,1,False,False,False,False,0,0,1,5,30.28,4/8/2022,Master
58,Jayce,15,TOP,9,5,4,12001,142,18521,True,1,False,False,False,False,0,0,0,1,22.92,4/8/2022,Master
59,Jayce,16,TOP,13,3,8,15497,195,31326,True,0,False,False,False,True,0,1,0,4,38.62,4/8/2022,Master
60,Jayce,17,TOP,1,13,5,14033,203,32531,False,1,False,False,False,False,1,2,1,3,23.83,4/8/2022,Master
61,Jayce,15,TOP,9,2,8,14381,184,23573,True,1,False,True,True,False,0,1,0,8,29.7,4/7/2022,Master
62,Jayce,14,TOP,5,10,5,11206,162,20711,False,0,False,False,False,False,0,0,5,0,21.04,4/5/2022,Master
63,Gwen,13,TOP,3,9,1,8406,144,18441,False,0,False,False,False,False,0,0,2,0,23.81,4/5/2022,Master
64,Irelia,17,MIDDLE,7,7,4,16588,256,20053,False,1,False,False,False,False,0,1,1,3,19.1,4/4/2022,Master
65,Jayce,14,JUNGLE,7,4,7,10286,131,16253,True,0,False,False,False,False,0,0,0,1,24.14,4/4/2022,Master
66,Jayce,17,TOP,6,9,6,13259,196,21308,False,1,False,False,False,False,0,0,2,2,24.86,4/4/2022,Master
67,Jayce,14,TOP,11,6,1,11593,143,18467,True,0,False,False,False,False,0,0,0,5,32.35,4/4/2022,Master
68,Akali,10,TOP,2,11,4,6437,78,8496,True,0,False,False,False,False,0,0,0,3,17.46,4/4/2022,Master
69,Aatrox,16,MIDDLE,10,10,6,14996,179,30771,False,0,False,False,False,False,0,0,1,1,19.61,4/4/2022,Master
70,Jayce,15,TOP,7,5,7,13148,185,13913,True,1,False,False,False,False,0,2,0,3,22.4,4/4/2022,Master
71,Jayce,12,TOP,2,6,0,7138,152,13732,False,0,False,False,False,False,0,0,0,0,27.65,4/4/2022,Master
72,Jayce,16,TOP,8,5,6,12517,161,27152,True,1,False,False,False,False,0,0,0,4,32.29,4/4/2022,Master
73,Irelia,13,MIDDLE,5,4,1,8717,165,12450,False,0,False,False,False,False,0,0,2,0,32.38,4/3/2022,Master
74,Kayle,15,TOP,2,4,2,10105,218,10141,False,0,False,False,False,False,0,0,2,5,27.16,4/3/2022,Master
75,Jayce,14,TOP,3,5,8,9279,165,19442,False,0,False,False,False,False,0,0,1,3,33.74,4/3/2022,Master
76,Kennen,16,TOP,5,4,10,13551,193,18130,True,1,True,False,False,False,0,0,0,3,17.52,4/3/2022,Master
77,Jayce,16,TOP,9,7,3,14671,190,25226,False,0,False,False,True,False,0,0,1,5,24.06,4/3/2022,Master
78,Irelia,12,TOP,2,7,3,6879,138,14909,False,0,False,False,False,False,0,0,1,0,29.57,4/3/2022,Master
79,Jayce,18,TOP,5,14,7,17072,259,43647,True,0,False,False,False,False,1,2,1,1,23.35,4/3/2022,Master
80,Jayce,16,MIDDLE,16,5,3,17430,174,27714,True,1,False,False,False,True,1,1,0,4,30.76,4/3/2022,Master
81,Irelia,16,TOP,5,9,2,12714,219,16785,False,0,False,False,False,False,0,0,1,2,17.31,4/3/2022,Master
82,Jayce,16,TOP,3,4,4,11589,191,17172,True,1,False,False,False,False,0,0,0,1,24.77,4/2/2022,Master
83,Kayle,12,TOP,0,10,1,6149,114,8032,False,0,False,False,False,False,0,0,0,0,20.84,4/2/2022,Master
84,Singed,17,TOP,4,9,12,13378,167,22157,True,1,False,False,False,False,0,0,0,2,25.11,4/2/2022,Master
85,Zeri,15,TOP,2,7,5,11976,205,8166,True,1,False,True,False,False,0,0,0,0,12.31,4/2/2022,Master
86,Jayce,15,MIDDLE,15,7,9,13635,129,21991,True,1,False,False,False,False,1,1,0,0,24.91,4/1/2022,Master
87,Irelia,10,NONE,1,6,0,5256,97,3551,False,0,False,False,False,False,0,0,0,2,16.88,4/1/2022,Master
88,Akali,16,TOP,12,5,5,11752,161,17840,True,0,False,False,False,False,0,1,1,3,22.93,3/31/2022,Master
89,Jayce,16,TOP,8,8,11,13709,173,23587,True,1,False,False,False,False,1,2,0,3,29.64,3/31/2022,Master
90,Kennen,13,TOP,4,4,5,9726,140,15093,True,0,False,False,False,False,0,0,0,3,21.08,3/31/2022,Master
91,Kayle,12,NONE,0,5,1,6022,138,4168,False,0,False,False,False,False,0,0,2,0,16.77,3/31/2022,Master
92,Akali,16,TOP,8,11,12,13247,160,23734,True,2,True,False,False,False,0,0,0,0,20.32,3/31/2022,Master
93,Rengar,15,JUNGLE,6,6,3,12747,179,15665,False,0,False,False,False,False,0,0,2,3,28.64,3/31/2022,Master
94,Irelia,16,MIDDLE,4,6,6,12434,218,15568,True,1,False,False,False,False,1,2,0,0,16.9,3/31/2022,Master
95,Irelia,18,MIDDLE,5,6,3,16351,278,14961,True,1,False,False,False,False,0,1,1,2,18.61,3/31/2022,Master
96,Kayle,18,TOP,11,5,1,17999,275,31877,False,0,True,False,False,False,0,0,2,3,35.31,3/31/2022,Master
97,Irelia,13,TOP,4,10,4,10039,170,15215,False,0,False,True,False,False,0,0,1,0,19.33,3/31/2022,Master
98,Irelia,13,MIDDLE,5,7,2,9331,154,12550,False,0,True,False,False,False,0,0,1,0,19.47,3/31/2022,Master
0,Renata,9,BOTTOM,1,5,8,5949,4,4386,False,0,False,True,False,False,0,0,1,1,7.71,4/16/2022,Grandmaster
1,Janna,13,BOTTOM,2,1,14,8010,13,5155,False,0,False,False,False,False,0,0,5,1,8.34,4/15/2022,Grandmaster
2,Renata,10,BOTTOM,2,2,6,5374,13,4555,False,0,False,False,False,False,0,0,1,1,11.48,4/15/2022,Grandmaster
3,FiddleSticks,18,TOP,7,6,17,13581,187,32915,True,1,False,False,False,False,0,0,3,2,15.61,4/14/2022,Grandmaster
4,Ziggs,11,NONE,5,5,3,6919,104,10998,False,0,False,False,False,True,0,0,0,5,37.68,4/14/2022,Grandmaster
5,Camille,18,TOP,9,8,7,17153,258,49483,True,2,False,False,False,False,1,1,1,3,33.44,4/14/2022,Grandmaster
6,Ashe,13,BOTTOM,2,8,4,10437,201,21371,False,0,False,False,False,False,0,0,0,2,38.5,4/14/2022,Grandmaster
7,Sejuani,15,JUNGLE,7,7,12,12499,28,17675,True,1,False,False,False,False,1,2,0,0,18.5,4/14/2022,Grandmaster
8,Ziggs,1,NONE,0,0,0,562,0,0,False,0,False,False,False,False,0,0,0,0,0.0,4/13/2022,Grandmaster
9,Lux,16,MIDDLE,2,4,8,13003,243,28477,False,1,False,False,False,False,0,0,1,1,27.52,4/13/2022,Grandmaster
10,Lulu,13,BOTTOM,1,1,20,9387,6,3485,True,1,True,False,True,False,1,2,0,13,5.37,4/13/2022,Grandmaster
11,Seraphine,11,BOTTOM,0,2,5,6203,35,4417,False,0,False,False,False,False,0,0,0,0,9.27,4/13/2022,Grandmaster
12,Janna,11,BOTTOM,2,4,10,6381,10,4117,False,0,False,False,False,False,0,0,2,0,6.33,4/13/2022,Grandmaster
13,Talon,15,MIDDLE,11,9,8,13494,165,27563,True,1,False,False,False,False,0,0,4,0,24.8,4/13/2022,Grandmaster
14,DrMundo,8,NONE,3,4,1,5131,92,7051,True,0,False,False,False,False,0,0,0,0,20.58,4/13/2022,Grandmaster
15,Yasuo,11,BOTTOM,4,6,2,8745,126,9601,True,0,False,False,False,False,0,0,0,3,19.22,4/13/2022,Grandmaster
16,Darius,16,BOTTOM,10,9,6,15404,212,13991,True,0,False,True,False,False,2,2,0,4,12.92,4/13/2022,Grandmaster
17,Ashe,11,NONE,4,4,7,8045,139,9246,True,0,False,False,False,True,0,0,0,5,23.69,4/12/2022,Grandmaster
18,Ashe,17,BOTTOM,12,9,18,17200,222,31956,True,2,False,False,True,False,1,3,0,5,22.04,4/12/2022,Grandmaster
19,Ziggs,16,MIDDLE,2,3,1,12983,273,18062,False,1,False,False,False,False,0,0,1,5,25.52,4/12/2022,Grandmaster
20,Lux,11,BOTTOM,3,5,4,8639,25,13433,False,0,False,False,False,False,0,0,1,3,28.47,4/12/2022,Grandmaster
21,Lux,11,BOTTOM,4,6,0,7751,37,6898,False,0,False,False,False,False,0,0,2,1,16.29,4/12/2022,Grandmaster
22,Lux,14,MIDDLE,2,4,3,11505,237,14451,False,0,False,False,False,False,0,0,1,3,18.49,4/12/2022,Grandmaster
23,Lux,17,MIDDLE,16,5,15,19380,183,49131,True,1,False,False,False,False,2,2,0,1,23.33,4/12/2022,Grandmaster
24,Lux,14,BOTTOM,9,8,6,11872,48,20845,False,1,False,False,False,False,0,0,1,0,17.84,4/12/2022,Grandmaster
25,Lux,13,MIDDLE,4,2,5,9503,181,12222,True,0,False,False,False,False,0,0,0,2,24.49,4/12/2022,Grandmaster
26,Lux,17,TOP,6,3,4,13772,259,19476,False,0,False,False,False,False,0,0,3,1,22.12,4/12/2022,Grandmaster
27,Lux,15,TOP,4,1,13,13219,210,16688,True,1,False,False,False,False,1,1,0,2,28.15,4/11/2022,Grandmaster
28,Jinx,18,BOTTOM,9,8,12,20905,356,30442,False,1,False,False,False,False,0,0,7,1,18.23,4/10/2022,Grandmaster
29,Caitlyn,14,BOTTOM,6,4,8,12258,167,18655,True,1,False,False,False,True,0,1,0,5,21.53,4/10/2022,Grandmaster
30,Draven,18,BOTTOM,10,12,15,16423,161,25041,True,2,False,False,False,False,1,2,0,2,17.46,4/10/2022,Grandmaster
31,Varus,15,BOTTOM,4,4,7,12203,208,13068,True,1,False,False,False,False,1,1,0,0,19.2,4/9/2022,Grandmaster
32,Xayah,16,BOTTOM,3,4,9,12718,224,22571,True,1,False,False,False,False,0,1,0,0,19.68,4/9/2022,Grandmaster
33,KogMaw,15,BOTTOM,2,9,8,11413,205,26490,False,0,False,False,False,False,0,0,1,3,23.5,4/9/2022,Grandmaster
34,Lux,13,NONE,3,2,1,9318,185,13876,False,0,False,False,False,False,0,0,2,3,39.42,4/9/2022,Grandmaster
35,Lux,12,NONE,6,1,5,9161,141,15645,True,0,False,True,False,False,0,0,0,1,33.49,4/9/2022,Grandmaster
36,Renata,11,BOTTOM,0,3,3,4957,10,7873,False,0,False,False,False,False,0,0,1,0,16.88,4/9/2022,Grandmaster
37,Renata,13,BOTTOM,2,1,15,8591,29,7881,True,1,False,False,False,False,0,1,0,1,8.52,4/9/2022,Grandmaster
38,Janna,10,BOTTOM,1,9,8,6236,11,2549,False,0,False,False,False,False,0,0,2,1,3.6,4/9/2022,Grandmaster
39,Lux,11,NONE,9,1,6,9801,118,12071,True,0,False,False,False,False,0,1,0,5,25.1,4/8/2022,Grandmaster
40,Janna,12,BOTTOM,1,2,8,6665,10,4627,False,0,False,False,False,False,0,0,2,0,6.05,4/8/2022,Grandmaster
41,Lux,11,MIDDLE,2,5,2,7317,126,9315,False,0,False,False,False,False,0,0,1,1,21.96,4/8/2022,Grandmaster
42,Lux,17,MIDDLE,8,8,9,16146,209,26933,False,1,False,False,False,False,0,0,1,0,20.46,4/8/2022,Grandmaster
43,Varus,12,BOTTOM,5,6,6,9530,158,20668,False,0,False,False,False,False,0,0,3,0,33.33,4/8/2022,Grandmaster
44,Lux,15,BOTTOM,3,7,27,12382,33,31512,True,1,False,False,False,False,0,1,1,2,25.16,4/8/2022,Grandmaster
45,Draven,14,BOTTOM,9,2,5,12655,151,25628,True,0,False,False,False,False,2,2,0,2,31.76,4/7/2022,Grandmaster
46,Kaisa,14,MIDDLE,4,2,7,10987,186,16213,True,1,False,False,False,False,0,1,0,3,21.34,4/7/2022,Grandmaster
47,KogMaw,16,BOTTOM,8,7,7,14134,215,37796,True,1,False,False,False,False,2,2,0,1,27.17,4/6/2022,Grandmaster
48,Ezreal,14,BOTTOM,1,5,9,11182,220,16024,True,0,False,False,False,False,0,0,0,2,12.79,4/6/2022,Grandmaster
49,Kalista,17,BOTTOM,4,6,7,14269,267,11286,True,1,False,False,False,False,1,1,1,0,11.92,4/6/2022,Grandmaster
50,Ashe,11,NONE,3,2,4,7604,137,10226,True,0,False,False,False,False,0,0,0,1,21.37,4/6/2022,Grandmaster
51,Lux,13,MIDDLE,7,1,6,10435,152,14960,True,0,False,False,False,False,0,0,0,1,23.98,4/6/2022,Grandmaster
52,Lux,15,BOTTOM,9,1,9,13722,189,23416,True,1,False,False,False,False,1,2,0,4,30.41,4/6/2022,Grandmaster
53,Lux,17,MIDDLE,15,5,14,16301,180,33633,True,1,False,False,False,False,0,1,0,4,33.72,4/6/2022,Grandmaster
54,Lux,14,BOTTOM,3,5,13,10816,171,13829,True,1,False,False,False,False,1,1,0,3,15.51,4/6/2022,Grandmaster
55,Ziggs,14,BOTTOM,1,1,5,10180,225,11105,False,0,False,False,False,True,0,0,0,1,23.71,4/6/2022,Grandmaster
56,Ziggs,15,BOTTOM,9,3,8,13498,214,22789,False,0,False,False,False,False,0,0,3,1,32.55,4/6/2022,Grandmaster
57,Lux,14,MIDDLE,11,1,5,12102,180,17623,True,0,False,False,False,False,0,0,0,0,29.78,4/6/2022,Grandmaster
58,Lux,14,MIDDLE,2,6,8,10224,177,15454,False,0,False,False,False,False,0,0,1,0,21.89,4/5/2022,Grandmaster
59,Lux,14,MIDDLE,6,3,7,12132,184,23501,False,0,False,False,False,False,0,0,0,4,32.03,4/5/2022,Grandmaster
60,Lux,14,MIDDLE,6,2,2,11821,190,16287,True,1,False,False,False,False,1,2,0,2,32.9,4/5/2022,Grandmaster
61,Lux,17,MIDDLE,7,6,8,16069,261,29544,False,1,False,True,False,False,0,0,1,1,27.81,4/5/2022,Grandmaster
62,Lux,15,MIDDLE,12,2,10,14218,155,26947,True,0,False,False,False,False,0,2,0,5,27.82,4/5/2022,Grandmaster
63,Xerath,13,MIDDLE,3,3,3,9606,179,25480,False,0,False,False,False,False,0,0,2,0,33.62,4/5/2022,Grandmaster
64,Lux,15,MIDDLE,8,6,3,14563,217,19735,False,0,False,False,False,False,0,0,2,0,21.62,4/5/2022,Grandmaster
65,Ashe,17,BOTTOM,6,10,11,14388,228,25876,True,1,False,False,False,False,0,2,0,0,17.17,4/4/2022,Grandmaster
66,Karma,10,BOTTOM,2,1,8,6970,11,7249,True,1,True,False,True,False,0,3,0,3,15.14,4/2/2022,Grandmaster
67,Yuumi,11,BOTTOM,2,2,7,7904,3,6805,True,1,False,True,True,False,0,1,0,5,9.67,4/2/2022,Grandmaster
68,Lulu,16,BOTTOM,0,5,24,10194,35,3102,True,2,False,False,False,False,0,2,0,2,3.4,4/2/2022,Grandmaster
69,Janna,11,BOTTOM,1,5,14,6560,8,3560,True,0,False,False,True,False,0,1,0,1,5.3,4/2/2022,Grandmaster
70,Lux,13,BOTTOM,4,1,17,10761,36,18081,True,1,False,True,False,False,0,2,0,3,21.86,4/2/2022,Grandmaster
71,Janna,7,NONE,2,3,2,4095,13,3336,False,0,False,False,False,False,0,0,0,0,14.6,4/2/2022,Grandmaster
72,Janna,10,NONE,0,1,8,5429,10,3143,True,0,False,False,True,False,0,0,0,3,9.41,4/2/2022,Grandmaster
73,Lux,7,NONE,0,8,5,4491,5,5509,False,0,False,False,False,False,0,0,0,2,16.4,4/1/2022,Grandmaster
74,Lux,12,BOTTOM,0,1,1,9106,211,13032,False,0,False,False,False,False,0,0,3,3,36.09,4/1/2022,Grandmaster
75,Lux,13,BOTTOM,4,5,9,10061,137,16638,True,1,False,False,False,False,0,0,0,0,20.65,4/1/2022,Grandmaster
76,Lux,14,MIDDLE,4,5,7,9944,167,19000,False,0,False,False,False,False,0,0,1,1,31.25,4/1/2022,Grandmaster
77,MonkeyKing,15,TOP,5,6,8,10855,178,15296,True,1,False,False,False,False,1,1,0,1,18.56,3/31/2022,Grandmaster
78,Trundle,18,JUNGLE,5,9,17,16092,108,26589,True,0,False,False,False,False,1,1,1,0,16.1,3/31/2022,Grandmaster
79,Taliyah,15,JUNGLE,5,10,12,12262,40,15967,True,1,False,False,False,False,1,1,0,0,17.14,3/31/2022,Grandmaster
80,Sejuani,13,JUNGLE,7,2,12,9781,11,16386,True,0,False,False,False,False,0,2,0,1,16.13,3/31/2022,Grandmaster
81,Hecarim,13,JUNGLE,4,4,12,9364,21,10118,True,0,False,False,False,False,0,0,0,0,15.03,3/30/2022,Grandmaster
